-- This is where inalizing and sample data will go


INSERT INTO TITLES (TITLE_ID, TITLE) VALUES (1, 'Mr.');
INSERT INTO TITLES (TITLE_ID, TITLE) VALUES (2, 'Mrs.');
INSERT INTO TITLES (TITLE_ID, TITLE) VALUES (3, 'Ms.');
INSERT INTO TITLES (TITLE_ID, TITLE) VALUES (4, 'Dr.');


INSERT INTO PERSONS (person_id, title_id, gender, first_name, last_name, middle_initial, ssn, home_phone, mobile_phone, email, address, city, county, state, postal_code) VALUES (1, 1, 'M', 'Art', 'Venere', 'S', '186-45-7155', '856-636-8749', '856-264-4130', 'art@venere.org', '8 W Cerritos Ave #54', 'Bridgeport', 'Gloucester', 'NJ', '08014');
INSERT INTO PERSONS (person_id, title_id, gender, first_name, last_name, middle_initial, ssn, home_phone, mobile_phone, email, address, city, county, state, postal_code) VALUES (2, 2, 'F', 'Minna', 'Amigon', NULL, '717-93-5414', '215-874-1229', '215-422-8694', 'minna_amigon@yahoo.com', '2371 Jerrold Ave', 'Kulpsville', 'Montgomery', 'PA', '19443');
INSERT INTO PERSONS (person_id, title_id, gender, first_name, last_name, middle_initial, ssn, home_phone, mobile_phone, email, address, city, county, state, postal_code) VALUES (3, 4, 'M', 'Abel', 'Maclead', NULL, '680-74-2665', '631-335-3414', '631-677-3675', 'amaclead@gmail.com', '37275 St  Rt 17m M', 'Middle Island', 'Suffolk', 'NY', '11953');
INSERT INTO PERSONS (person_id, title_id, gender, first_name, last_name, middle_initial, ssn, home_phone, mobile_phone, email, address, city, county, state, postal_code) VALUES (4, 3, 'F', 'Bette', 'Nicka', NULL, '282-62-8010', '610-545-3615', '610-492-4643', 'bette_nicka@cox.net', '6 S 33rd St', 'Aston', 'Delaware', 'PA', '19014');
INSERT INTO PERSONS (person_id, title_id, gender, first_name, last_name, middle_initial, ssn, home_phone, mobile_phone, email, address, city, county, state, postal_code) VALUES (5, 4, 'M', 'Matt', 'Royster', 'G', '723-07-7851', '518-966-7987', '518-448-8982', 'mroyster@royster.com', '74 S Westgate St', 'Albany', 'Albany', 'NY', '12204');
INSERT INTO PERSONS (person_id, title_id, gender, first_name, last_name, middle_initial, ssn, home_phone, mobile_phone, email, address, city, county, state, postal_code) VALUES (6, 3, 'F', 'Alisha', 'Slusarski', NULL, '412-92-3622', '732-658-3154', '732-635-3453', 'alisha@slusarski.com', '3273 State St', 'Middlesex', 'Middlesex', 'NJ', '08846');
INSERT INTO PERSONS (person_id, title_id, gender, first_name, last_name, middle_initial, ssn, home_phone, mobile_phone, email, address, city, county, state, postal_code) VALUES (7, 3, 'M', 'Willow', 'Kusko', NULL, '838-47-3606', '212-582-4976', '212-934-5167', 'wkusko@yahoo.com', '90991 Thorburn Ave', 'New York', 'New York', 'NY', '10011');
INSERT INTO PERSONS (person_id, title_id, gender, first_name, last_name, middle_initial, ssn, home_phone, mobile_phone, email, address, city, county, state, postal_code) VALUES (8, 1, 'M', 'Ernie', 'Stenseth', NULL, '505-52-0597', '201-709-6245', '201-387-9093', 'ernie_stenseth@aol.com', '45 E Liberty St', 'Ridgefield Park', 'Bergen', 'NJ', '07660');
INSERT INTO PERSONS (person_id, title_id, gender, first_name, last_name, middle_initial, ssn, home_phone, mobile_phone, email, address, city, county, state, postal_code) VALUES (9, 2, 'F', 'Albina', 'Glick', NULL, '953-34-8984', '732-924-7882', '732-782-6701', 'albina@glick.com', '4 Ralph Ct', 'Dunellen', 'Middlesex', 'NJ', '08812');
INSERT INTO PERSONS (person_id, title_id, gender, first_name, last_name, middle_initial, ssn, home_phone, mobile_phone, email, address, city, county, state, postal_code) VALUES (10, 2, 'F', 'Alishia', 'Sergi', NULL, '314-32-1662', '212-860-1579', '212-753-2740', 'asergi@gmail.com', '2742 Distribution Way', 'New York', 'New York', 'NY', '10025');
INSERT INTO PERSONS (person_id, title_id, gender, first_name, last_name, middle_initial, ssn, home_phone, mobile_phone, email, address, city, county, state, postal_code) VALUES (11, 1, 'M', 'Jose', 'Stockham', 'W', '984-22-2745', '212-675-8570', '212-569-4233', 'jose@yahoo.com', '128 Bransten Rd', 'New York', 'New York', 'NY', '10011');
INSERT INTO PERSONS (person_id, title_id, gender, first_name, last_name, middle_initial, ssn, home_phone, mobile_phone, email, address, city, county, state, postal_code) VALUES (12, 2, 'F', 'Blair', 'Malet', NULL, '416-59-4399', '215-907-9111', '215-794-4519', 'bmalet@yahoo.com', '209 Decker Dr', 'Philadelphia', 'Philadelphia', 'PA', '19132');
INSERT INTO PERSONS (person_id, title_id, gender, first_name, last_name, middle_initial, ssn, home_phone, mobile_phone, email, address, city, county, state, postal_code) VALUES (13, 4, 'M', 'Brock', 'Bolognia', 'R', '922-30-5189', '212-402-9216', '212-617-5063', 'bbolognia@yahoo.com', '4486 W O St #1', 'New York', 'New York', 'NY', '10003');
INSERT INTO PERSONS (person_id, title_id, gender, first_name, last_name, middle_initial, ssn, home_phone, mobile_phone, email, address, city, county, state, postal_code) VALUES (14, 4, 'F', 'Marjory', 'Mastella', NULL, '954-49-0005', '610-814-5533', '610-379-7125', 'mmastella@mastella.com', '71 San Mateo Ave', 'Wayne', 'Delaware', 'PA', '19087');
INSERT INTO PERSONS (person_id, title_id, gender, first_name, last_name, middle_initial, ssn, home_phone, mobile_phone, email, address, city, county, state, postal_code) VALUES (15, 1, 'M', 'Karl', 'Klonowski', NULL, '803-26-7564', '908-877-6135', '908-470-4661', 'karl_klonowski@yahoo.com', '76 Brooks St #9', 'Flemington', 'Hunterdon', 'NJ', '08822');
INSERT INTO PERSONS (person_id, title_id, gender, first_name, last_name, middle_initial, ssn, home_phone, mobile_phone, email, address, city, county, state, postal_code) VALUES (16, 2, 'F', 'Tonette', 'Wenner', NULL, '878-89-4887', '516-968-6051', '516-333-4861', 'twenner@aol.com', '4545 Courthouse Rd', 'Westbury', 'Nassau', 'NY', '11590');
INSERT INTO PERSONS (person_id, title_id, gender, first_name, last_name, middle_initial, ssn, home_phone, mobile_phone, email, address, city, county, state, postal_code) VALUES (17, 4, 'F', 'Avery', 'Monarrez', NULL, '025-17-6287', '215-934-8655', '215-329-6386', 'avery_monarrez@monarrez.org', '14288 Foster Ave #4121', 'Jenkintown', 'Montgomery', 'PA', '19046');
INSERT INTO PERSONS (person_id, title_id, gender, first_name, last_name, middle_initial, ssn, home_phone, mobile_phone, email, address, city, county, state, postal_code) VALUES (18, 3, 'F', 'Deeanna', 'Juhas', 'H', '537-22-9893', '215-211-9589', '215-417-9563', 'deeanna_juhas@gmail.com', '14302 Pennsylvania Ave', 'Huntingdon Valley', 'Montgomery', 'PA', '19006');
INSERT INTO PERSONS (person_id, title_id, gender, first_name, last_name, middle_initial, ssn, home_phone, mobile_phone, email, address, city, county, state, postal_code) VALUES (19, 1, 'M', 'Jamal', 'Vanausdal', NULL, '972-38-8421', '732-234-1546', '732-904-2931', 'jamal@vanausdal.org', '53075 Sw 152nd Ter #615', 'Monroe Township', 'Middlesex', 'NJ', '08831');
INSERT INTO PERSONS (person_id, title_id, gender, first_name, last_name, middle_initial, ssn, home_phone, mobile_phone, email, address, city, county, state, postal_code) VALUES (20, 2, 'F', 'Tawna', 'Buvens', NULL, '834-21-3889', '212-674-9610', '212-462-9157', 'tawna@gmail.com', '3305 Nabell Ave #679', 'New York', 'New York', 'NY', '10009');
INSERT INTO PERSONS (person_id, title_id, gender, first_name, last_name, middle_initial, ssn, home_phone, mobile_phone, email, address, city, county, state, postal_code) VALUES (21, 4, 'F', 'Elly', 'Morocco', NULL, '940-69-2939', '814-393-5571', '814-420-3553', 'elly_morocco@gmail.com', '7 W 32nd St', 'Erie', 'Erie', 'PA', '16502');
INSERT INTO PERSONS (person_id, title_id, gender, first_name, last_name, middle_initial, ssn, home_phone, mobile_phone, email, address, city, county, state, postal_code) VALUES (22, 3, 'F', 'Moon', 'Parlato', NULL, '275-43-9883', '585-866-8313', '585-498-4278', 'moon@yahoo.com', '74989 Brandon St', 'Wellsville', 'Allegany', 'NY', '14895');
INSERT INTO PERSONS (person_id, title_id, gender, first_name, last_name, middle_initial, ssn, home_phone, mobile_phone, email, address, city, county, state, postal_code) VALUES (23, 4, 'M', 'Daren', 'Crupi', 'L', '735-64-8130', '973-354-2040', '973-847-9611', 'daren.crupi@crupi.com', '47565 W Grand Ave', 'Newark', 'Essex', 'NJ', '07105');
INSERT INTO PERSONS (person_id, title_id, gender, first_name, last_name, middle_initial, ssn, home_phone, mobile_phone, email, address, city, county, state, postal_code) VALUES (24, 2, 'F', 'Elza', 'Lipke', 'N', '596-88-5313', '973-927-3447', '973-796-3667', 'elza@yahoo.com', '6794 Lake Dr E', 'Newark', 'Essex', 'NJ', '07104');
INSERT INTO PERSONS (person_id, title_id, gender, first_name, last_name, middle_initial, ssn, home_phone, mobile_phone, email, address, city, county, state, postal_code) VALUES (25, 1, 'M', 'Timothy', 'Mulqueen', 'W', '194-84-9965', '718-332-6527', '718-654-7063', 'timothy_mulqueen@mulqueen.org', '44 W 4th St', 'Staten Island', 'Richmond', 'NY', '10309');
INSERT INTO PERSONS (person_id, title_id, gender, first_name, last_name, middle_initial, ssn, home_phone, mobile_phone, email, address, city, county, state, postal_code) VALUES (26, 4, 'F', 'Tyra', 'Shields', NULL, '604-69-5310', '215-255-1641', '215-228-8264', 'tshields@gmail.com', '3 Fort Worth Ave', 'Philadelphia', 'Philadelphia', 'PA', '19106');
INSERT INTO PERSONS (person_id, title_id, gender, first_name, last_name, middle_initial, ssn, home_phone, mobile_phone, email, address, city, county, state, postal_code) VALUES (27, 3, 'F', 'Celeste', 'Korando', NULL, '871-56-1208', '516-509-2347', '516-365-7266', 'ckorando@hotmail.com', '7 W Pinhook Rd', 'Lynbrook', 'Nassau', 'NY', '11563');
INSERT INTO PERSONS (person_id, title_id, gender, first_name, last_name, middle_initial, ssn, home_phone, mobile_phone, email, address, city, county, state, postal_code) VALUES (28, 1, 'M', 'Chauncey', 'Miceli', 'G', '620-30-8182', '814-460-2655', '814-299-2877', 'cmiceli@miceli.org', '555 Main St', 'Erie', 'Erie', 'PA', '16502');
INSERT INTO PERSONS (person_id, title_id, gender, first_name, last_name, middle_initial, ssn, home_phone, mobile_phone, email, address, city, county, state, postal_code) VALUES (29, 4, 'M', 'Rolland', 'Francescon', NULL, '736-12-9850', '973-649-2922', '973-284-4048', 'rolland@cox.net', '2726 Charcot Ave', 'Paterson', 'Passaic', 'NJ', '07501');
INSERT INTO PERSONS (person_id, title_id, gender, first_name, last_name, middle_initial, ssn, home_phone, mobile_phone, email, address, city, county, state, postal_code) VALUES (30, 1, 'M', 'Ty', 'Smith', NULL, '125-39-4376', '201-672-1553', '201-995-3149', 'tsmith@aol.com', '4646 Kaahumanu St', 'Hackensack', 'Bergen', 'NJ', '07601');
INSERT INTO PERSONS (person_id, title_id, gender, first_name, last_name, middle_initial, ssn, home_phone, mobile_phone, email, address, city, county, state, postal_code) VALUES (31, 1, 'M', 'Herman', 'Demesa', NULL, '255-03-0660', '518-497-2940', '518-931-7852', 'hdemesa@cox.net', '9 Norristown Rd', 'Troy', 'Rensselaer', 'NY', '12180');
INSERT INTO PERSONS (person_id, title_id, gender, first_name, last_name, middle_initial, ssn, home_phone, mobile_phone, email, address, city, county, state, postal_code) VALUES (32, 4, 'M', 'Rory', 'Papasergi', 'O', '406-41-6767', '570-867-7489', '570-469-8401', 'rpapasergi@cox.net', '83 County Road 437 #8581', 'Clarks Summit', 'Lackawanna', 'PA', '18411');
INSERT INTO PERSONS (person_id, title_id, gender, first_name, last_name, middle_initial, ssn, home_phone, mobile_phone, email, address, city, county, state, postal_code) VALUES (33, 2, 'F', 'Talia', 'Riopelle', NULL, '120-80-2294', '973-245-2133', '973-818-9788', 'talia_riopelle@aol.com', '1 N Harlem Ave #9', 'Orange', 'Essex', 'NJ', '07050');
INSERT INTO PERSONS (person_id, title_id, gender, first_name, last_name, middle_initial, ssn, home_phone, mobile_phone, email, address, city, county, state, postal_code) VALUES (34, 1, 'M', 'Van', 'Shire', 'M', '812-57-1191', '908-409-2890', '908-448-1209', 'van.shire@shire.com', '90131 J St', 'Pittstown', 'Hunterdon', 'NJ', '08867');
INSERT INTO PERSONS (person_id, title_id, gender, first_name, last_name, middle_initial, ssn, home_phone, mobile_phone, email, address, city, county, state, postal_code) VALUES (35, 1, 'M', 'Bok', 'Isaacs', NULL, '411-04-0879', '718-809-3762', '718-478-8568', 'bok.isaacs@aol.com', '6 Gilson St', 'Bronx', 'Bronx', 'NY', '10468');
INSERT INTO PERSONS (person_id, title_id, gender, first_name, last_name, middle_initial, ssn, home_phone, mobile_phone, email, address, city, county, state, postal_code) VALUES (36, 4, 'F', 'Kimbery', 'Madarang', NULL, '305-85-9785', '973-310-1634', '973-225-6259', 'kimbery_madarang@cox.net', '798 Lund Farm Way', 'Rockaway', 'Morris', 'NJ', '07866');
INSERT INTO PERSONS (person_id, title_id, gender, first_name, last_name, middle_initial, ssn, home_phone, mobile_phone, email, address, city, county, state, postal_code) VALUES (37, 1, 'M', 'Thurman', 'Manno', NULL, '363-80-9410', '609-524-3586', '609-234-8376', 'thurman.manno@yahoo.com', '9387 Charcot Ave', 'Absecon', 'Atlantic', 'NJ', '08201');
INSERT INTO PERSONS (person_id, title_id, gender, first_name, last_name, middle_initial, ssn, home_phone, mobile_phone, email, address, city, county, state, postal_code) VALUES (38, 3, 'F', 'Becky', 'Mirafuentes', 'L', '432-52-6578', '908-877-8409', '908-426-8272', 'becky.mirafuentes@mirafuentes.com', '30553 Washington Rd', 'Plainfield', 'Union', 'NJ', '07062');
INSERT INTO PERSONS (person_id, title_id, gender, first_name, last_name, middle_initial, ssn, home_phone, mobile_phone, email, address, city, county, state, postal_code) VALUES (39, 4, 'M', 'Thomas', 'Frey', 'N', '326-34-7995', '516-948-5768', '516-357-3362', 'thomas_frey@frey.com', '54169 N Main St', 'Massapequa', 'Nassau', 'NY', '11758');
INSERT INTO PERSONS (person_id, title_id, gender, first_name, last_name, middle_initial, ssn, home_phone, mobile_phone, email, address, city, county, state, postal_code) VALUES (40, 2, 'F', 'Cheryl', 'Haroldson', NULL, '819-42-8837', '609-518-7697', '609-263-9243', 'cheryl@haroldson.org', '92 Main St', 'Atlantic City', 'Atlantic', 'NJ', '08401');
INSERT INTO PERSONS (person_id, title_id, gender, first_name, last_name, middle_initial, ssn, home_phone, mobile_phone, email, address, city, county, state, postal_code) VALUES (41, 1, 'M', 'Ozell', 'Shealy', NULL, '992-41-9165', '212-332-8435', '212-880-8865', 'oshealy@hotmail.com', '8 Industry Ln', 'New York', 'New York', 'NY', '10002');
INSERT INTO PERSONS (person_id, title_id, gender, first_name, last_name, middle_initial, ssn, home_phone, mobile_phone, email, address, city, county, state, postal_code) VALUES (42, 4, 'F', 'Yolando', 'Luczki', 'T', '888-04-3130', '315-304-4759', '315-640-6357', 'yolando@cox.net', '422 E 21st St', 'Syracuse', 'Onondaga', 'NY', '13214');
INSERT INTO PERSONS (person_id, title_id, gender, first_name, last_name, middle_initial, ssn, home_phone, mobile_phone, email, address, city, county, state, postal_code) VALUES (43, 3, 'F', 'Lizette', 'Stem', NULL, '997-87-3039', '856-487-5412', '856-702-3676', 'lizette.stem@aol.com', '501 N 19th Ave', 'Cherry Hill', 'Camden', 'NJ', '08002');
INSERT INTO PERSONS (person_id, title_id, gender, first_name, last_name, middle_initial, ssn, home_phone, mobile_phone, email, address, city, county, state, postal_code) VALUES (44, 1, 'M', 'Geoffrey', 'Pawlowicz', 'F', '577-06-6969', '516-212-1915', '516-376-4230', 'gpawlowicz@yahoo.com', '455 N Main Ave', 'Garden City', 'Nassau', 'NY', '11530');
INSERT INTO PERSONS (person_id, title_id, gender, first_name, last_name, middle_initial, ssn, home_phone, mobile_phone, email, address, city, county, state, postal_code) VALUES (45, 2, 'F', 'Dierdre', 'Yum', NULL, '851-61-1340', '215-325-3042', '215-346-4666', 'dyum@yahoo.com', '63381 Jenks Ave', 'Philadelphia', 'Philadelphia', 'PA', '19134');
INSERT INTO PERSONS (person_id, title_id, gender, first_name, last_name, middle_initial, ssn, home_phone, mobile_phone, email, address, city, county, state, postal_code) VALUES (46, 1, 'M', 'Lawrence', 'Tolfree', 'M', '622-17-9552', '631-957-7624', '631-998-2102', 'lawrence.tolfree@hotmail.com', '81 Norris Ave #525', 'Ronkonkoma', 'Suffolk', 'NY', '11779');
INSERT INTO PERSONS (person_id, title_id, gender, first_name, last_name, middle_initial, ssn, home_phone, mobile_phone, email, address, city, county, state, postal_code) VALUES (47, 4, 'F', 'Evangelina', 'Radde', 'B', '092-07-2645', '215-964-3284', '215-417-5612', 'evangelina@aol.com', '992 Civic Center Dr', 'Philadelphia', 'Philadelphia', 'PA', '19123');
INSERT INTO PERSONS (person_id, title_id, gender, first_name, last_name, middle_initial, ssn, home_phone, mobile_phone, email, address, city, county, state, postal_code) VALUES (48, 3, 'F', 'Irma', 'Wolfgramm', 'K', '842-76-9285', '973-545-7355', '973-868-8660', 'irma.wolfgramm@hotmail.com', '9745 W Main St', 'Randolph', 'Morris', 'NJ', '07869');
INSERT INTO PERSONS (person_id, title_id, gender, first_name, last_name, middle_initial, ssn, home_phone, mobile_phone, email, address, city, county, state, postal_code) VALUES (49, 2, 'F', 'Nana', 'Wrinkles', NULL, '024-54-1863', '914-855-2115', '914-796-3775', 'nana@aol.com', '6 Van Buren St', 'Mount Vernon', 'Westchester', 'NY', '10553');
INSERT INTO PERSONS (person_id, title_id, gender, first_name, last_name, middle_initial, ssn, home_phone, mobile_phone, email, address, city, county, state, postal_code) VALUES (50, 4, 'F', 'Layla', 'Springe', 'B', '573-49-3658', '212-260-3151', '212-253-7448', 'layla.springe@cox.net', '229 N Forty Driv', 'New York', 'New York', 'NY', '10011');
INSERT INTO PERSONS (person_id, title_id, gender, first_name, last_name, middle_initial, ssn, home_phone, mobile_phone, email, address, city, county, state, postal_code) VALUES (51, 4, 'M', 'Noah', 'Sawchuk', 'F', '346-92-1682', '201-971-1638', '201-247-8925', 'noah@gmail.com', '3 State Route 35 S', 'Paramus', 'Bergen', 'NJ', '07652');
INSERT INTO PERSONS (person_id, title_id, gender, first_name, last_name, middle_initial, ssn, home_phone, mobile_phone, email, address, city, county, state, postal_code) VALUES (52, 3, 'F', 'Junita', 'Brideau', 'M', '378-08-3864', '973-943-3423', '973-582-5469', 'jbrideau@aol.com', '6 S Broadway St', 'Cedar Grove', 'Essex', 'NJ', '07009');
INSERT INTO PERSONS (person_id, title_id, gender, first_name, last_name, middle_initial, ssn, home_phone, mobile_phone, email, address, city, county, state, postal_code) VALUES (53, 2, 'F', 'Teri', 'Ennaco', NULL, '632-26-5076', '570-889-5187', '570-355-1665', 'tennaco@gmail.com', '99 Tank Farm Rd', 'Hazleton', 'Luzerne', 'PA', '18201');
INSERT INTO PERSONS (person_id, title_id, gender, first_name, last_name, middle_initial, ssn, home_phone, mobile_phone, email, address, city, county, state, postal_code) VALUES (54, 4, 'F', 'Merlyn', 'Lawler', NULL, '935-68-8732', '201-588-7810', '201-858-9960', 'merlyn_lawler@hotmail.com', '4671 Alemany Blvd', 'Jersey City', 'Hudson', 'NJ', '07304');
INSERT INTO PERSONS (person_id, title_id, gender, first_name, last_name, middle_initial, ssn, home_phone, mobile_phone, email, address, city, county, state, postal_code) VALUES (55, 1, 'M', 'John', 'Mconnell', NULL, '672-00-7850', '908-802-3564', '908-602-5258', 'jmconnell@hotmail.com', '50 E Wacker Dr', 'Bridgewater', 'Somerset', 'NJ', '08807');
INSERT INTO PERSONS (person_id, title_id, gender, first_name, last_name, middle_initial, ssn, home_phone, mobile_phone, email, address, city, county, state, postal_code) VALUES (56, 3, 'F', 'Lemuel', 'Latzke', NULL, '441-37-4246', '631-748-6479', '631-291-4976', 'lemuel.latzke@gmail.com', '70 Euclid Ave #722', 'Bohemia', 'Suffolk', 'NY', '11716');
INSERT INTO PERSONS (person_id, title_id, gender, first_name, last_name, middle_initial, ssn, home_phone, mobile_phone, email, address, city, county, state, postal_code) VALUES (57, 2, 'F', 'Candida', 'Corbley', NULL, '048-09-2272', '908-275-8357', '908-943-6103', 'candida_corbley@hotmail.com', '406 Main St', 'Somerville', 'Somerset', 'NJ', '08876');
INSERT INTO PERSONS (person_id, title_id, gender, first_name, last_name, middle_initial, ssn, home_phone, mobile_phone, email, address, city, county, state, postal_code) VALUES (58, 4, 'F', 'Felicidad', 'Poullion', 'G', '573-76-3465', '856-305-9731', '856-828-6021', 'fpoullion@poullion.com', '9939 N 14th St', 'Riverton', 'Burlington', 'NJ', '08077');
INSERT INTO PERSONS (person_id, title_id, gender, first_name, last_name, middle_initial, ssn, home_phone, mobile_phone, email, address, city, county, state, postal_code) VALUES (59, 1, 'M', 'Howard', 'Fredicks', NULL, '282-68-5785', '716-752-4114', '716-854-9845', 'howard_fredicks@yahoo.com', '42754 S Ash Ave', 'Buffalo', 'Erie', 'NY', '14228');
INSERT INTO PERSONS (person_id, title_id, gender, first_name, last_name, middle_initial, ssn, home_phone, mobile_phone, email, address, city, county, state, postal_code) VALUES (60, 3, 'F', 'Fausto', 'Agramonte', 'C', '449-17-6638', '212-313-1783', '212-778-3063', 'fausto_agramonte@yahoo.com', '5 Harrison Rd', 'New York', 'New York', 'NY', '10038');
INSERT INTO PERSONS (person_id, title_id, gender, first_name, last_name, middle_initial, ssn, home_phone, mobile_phone, email, address, city, county, state, postal_code) VALUES (61, 1, 'M', 'Ronny', 'Caiafa', NULL, '558-41-7903', '215-605-7570', '215-511-3531', 'ronny.caiafa@caiafa.org', '73 Southern Blvd', 'Philadelphia', 'Philadelphia', 'PA', '19103');
INSERT INTO PERSONS (person_id, title_id, gender, first_name, last_name, middle_initial, ssn, home_phone, mobile_phone, email, address, city, county, state, postal_code) VALUES (62, 4, 'M', 'Franklyn', 'Emard', NULL, '366-75-2602', '215-558-8189', '215-483-3003', 'femard@emard.com', '4379 Highway 116', 'Philadelphia', 'Philadelphia', 'PA', '19103');
INSERT INTO PERSONS (person_id, title_id, gender, first_name, last_name, middle_initial, ssn, home_phone, mobile_phone, email, address, city, county, state, postal_code) VALUES (63, 1, 'M', 'Freeman', 'Gochal', NULL, '840-47-7949', '610-476-3501', '610-752-2683', 'freeman_gochal@aol.com', '383 Gunderman Rd #197', 'Coatesville', 'Chester', 'PA', '19320');
INSERT INTO PERSONS (person_id, title_id, gender, first_name, last_name, middle_initial, ssn, home_phone, mobile_phone, email, address, city, county, state, postal_code) VALUES (64, 1, 'M', 'Vincent', 'Meinerding', 'O', '267-65-1531', '215-372-1718', '215-829-4221', 'vincent.meinerding@hotmail.com', '4441 Point Term Mkt', 'Philadelphia', 'Philadelphia', 'PA', '19143');
INSERT INTO PERSONS (person_id, title_id, gender, first_name, last_name, middle_initial, ssn, home_phone, mobile_phone, email, address, city, county, state, postal_code) VALUES (65, 2, 'F', 'Alaine', 'Bergesen', 'K', '113-04-7942', '914-300-9193', '914-654-1426', 'alaine_bergesen@cox.net', '7667 S Hulen St #42', 'Yonkers', 'Westchester', 'NY', '10701');
INSERT INTO PERSONS (person_id, title_id, gender, first_name, last_name, middle_initial, ssn, home_phone, mobile_phone, email, address, city, county, state, postal_code) VALUES (66, 4, 'F', 'Justine', 'Mugnolo', 'G', '319-04-6099', '212-304-9225', '212-311-6377', 'jmugnolo@yahoo.com', '38062 E Main St', 'New York', 'New York', 'NY', '10048');
INSERT INTO PERSONS (person_id, title_id, gender, first_name, last_name, middle_initial, ssn, home_phone, mobile_phone, email, address, city, county, state, postal_code) VALUES (67, 3, 'F', 'Eladia', 'Saulter', 'A', '588-79-4868', '201-474-4924', '201-365-8698', 'eladia@saulter.com', '3958 S Dupont Hwy #7', 'Ramsey', 'Bergen', 'NJ', '07446');
INSERT INTO PERSONS (person_id, title_id, gender, first_name, last_name, middle_initial, ssn, home_phone, mobile_phone, email, address, city, county, state, postal_code) VALUES (68, 2, 'F', 'Gwenn', 'Suffield', NULL, '508-40-9622', '631-258-6558', '631-295-9879', 'gwenn_suffield@suffield.org', '3270 Dequindre Rd', 'Deer Park', 'Suffolk', 'NY', '11729');
INSERT INTO PERSONS (person_id, title_id, gender, first_name, last_name, middle_initial, ssn, home_phone, mobile_phone, email, address, city, county, state, postal_code) VALUES (69, 4, 'F', 'Yoko', 'Fishburne', NULL, '895-05-8554', '203-506-4706', '203-840-8634', 'yoko@fishburne.com', '9122 Carpenter Ave', 'New Haven', 'New Haven', 'CT', '06511');
INSERT INTO PERSONS (person_id, title_id, gender, first_name, last_name, middle_initial, ssn, home_phone, mobile_phone, email, address, city, county, state, postal_code) VALUES (70, 1, 'M', 'Marty', 'Rantanen', NULL, '466-46-1653', '215-491-5633', '215-647-2158', 'marty@hotmail.com', '8 Mcarthur Ln', 'Richboro', 'Bucks', 'PA', '18954');
INSERT INTO PERSONS (person_id, title_id, gender, first_name, last_name, middle_initial, ssn, home_phone, mobile_phone, email, address, city, county, state, postal_code) VALUES (71, 3, 'F', 'An', 'Fritz', NULL, '705-86-4845', '609-228-5265', '609-854-7156', 'an_fritz@hotmail.com', '506 S Hacienda Dr', 'Atlantic City', 'Atlantic', 'NJ', '08401');
INSERT INTO PERSONS (person_id, title_id, gender, first_name, last_name, middle_initial, ssn, home_phone, mobile_phone, email, address, city, county, state, postal_code) VALUES (72, 2, 'F', 'Portia', 'Stimmel', NULL, '683-14-1557', '908-722-7128', '908-670-4712', 'portia.stimmel@aol.com', '3732 Sherman Ave', 'Bridgewater', 'Somerset', 'NJ', '08807');
INSERT INTO PERSONS (person_id, title_id, gender, first_name, last_name, middle_initial, ssn, home_phone, mobile_phone, email, address, city, county, state, postal_code) VALUES (73, 4, 'F', 'Rhea', 'Aredondo', NULL, '021-40-2396', '718-560-9537', '718-280-4183', 'rhea_aredondo@cox.net', '25657 Live Oak St', 'Brooklyn', 'Kings', 'NY', '11226');
INSERT INTO PERSONS (person_id, title_id, gender, first_name, last_name, middle_initial, ssn, home_phone, mobile_phone, email, address, city, county, state, postal_code) VALUES (74, 4, 'M', 'Heike', 'Berganza', 'R', '223-90-8026', '973-936-5095', '973-822-8827', 'heike@gmail.com', '3 Railway Ave #75', 'Little Falls', 'Passaic', 'NJ', '07424');
INSERT INTO PERSONS (person_id, title_id, gender, first_name, last_name, middle_initial, ssn, home_phone, mobile_phone, email, address, city, county, state, postal_code) VALUES (75, 1, 'M', 'Harrison', 'Haufler', NULL, '139-17-9281', '203-801-6193', '203-801-8497', 'hhaufler@hotmail.com', '759 Eldora St', 'New Haven', 'New Haven', 'CT', '06515');
INSERT INTO PERSONS (person_id, title_id, gender, first_name, last_name, middle_initial, ssn, home_phone, mobile_phone, email, address, city, county, state, postal_code) VALUES (76, 3, 'F', 'Haydee', 'Denooyer', NULL, '683-70-4031', '212-792-8658', '212-782-3493', 'hdenooyer@denooyer.org', '25346 New Rd', 'New York', 'New York', 'NY', '10016');
INSERT INTO PERSONS (person_id, title_id, gender, first_name, last_name, middle_initial, ssn, home_phone, mobile_phone, email, address, city, county, state, postal_code) VALUES (77, 1, 'M', 'Malcolm', 'Layous', NULL, '025-54-7218', '203-721-3388', '203-564-1543', 'mlayous@hotmail.com', '78112 Morris Ave', 'North Haven', 'New Haven', 'CT', '06473');
INSERT INTO PERSONS (person_id, title_id, gender, first_name, last_name, middle_initial, ssn, home_phone, mobile_phone, email, address, city, county, state, postal_code) VALUES (78, 1, 'M', 'Garry', 'Keetch', NULL, '635-09-7483', '215-979-8776', '215-846-9046', 'garry_keetch@hotmail.com', '5 Green Pond Rd #4', 'Southampton', 'Bucks', 'PA', '18966');
INSERT INTO PERSONS (person_id, title_id, gender, first_name, last_name, middle_initial, ssn, home_phone, mobile_phone, email, address, city, county, state, postal_code) VALUES (79, 2, 'F', 'Carmen', 'Sweigard', NULL, '096-89-0553', '732-941-2621', '732-445-6940', 'csweigard@sweigard.com', '61304 N French Rd', 'Somerset', 'Somerset', 'NJ', '08873');
INSERT INTO PERSONS (person_id, title_id, gender, first_name, last_name, middle_initial, ssn, home_phone, mobile_phone, email, address, city, county, state, postal_code) VALUES (80, 4, 'F', 'Mirta', 'Mallett', 'A', '461-66-0179', '212-870-1286', '212-745-6948', 'mirta_mallett@gmail.com', '7 S San Marcos Rd', 'New York', 'New York', 'NY', '10004');
INSERT INTO PERSONS (person_id, title_id, gender, first_name, last_name, middle_initial, ssn, home_phone, mobile_phone, email, address, city, county, state, postal_code) VALUES (81, 3, 'F', 'Yvonne', 'Tjepkema', NULL, '526-08-2423', '973-714-1721', '973-976-8627', 'yvonne.tjepkema@hotmail.com', '9 Waydell St', 'Fairfield', 'Essex', 'NJ', '07004');
INSERT INTO PERSONS (person_id, title_id, gender, first_name, last_name, middle_initial, ssn, home_phone, mobile_phone, email, address, city, county, state, postal_code) VALUES (82, 4, 'M', 'Felix', 'Hirpara', NULL, '926-65-5575', '717-491-5643', '717-583-1497', 'felix_hirpara@cox.net', '7563 Cornwall Rd #4462', 'Denver', 'Lancaster', 'PA', '17517');
INSERT INTO PERSONS (person_id, title_id, gender, first_name, last_name, middle_initial, ssn, home_phone, mobile_phone, email, address, city, county, state, postal_code) VALUES (83, 2, 'F', 'Fabiola', 'Hauenstein', 'C', '223-91-2099', '717-809-3119', '717-344-2804', 'fabiola.hauenstein@hauenstein.org', '8573 Lincoln Blvd', 'York', 'York', 'PA', '17404');
INSERT INTO PERSONS (person_id, title_id, gender, first_name, last_name, middle_initial, ssn, home_phone, mobile_phone, email, address, city, county, state, postal_code) VALUES (84, 4, 'F', 'Erinn', 'Canlas', 'H', '130-08-9232', '973-767-3008', '973-563-9502', 'erinn.canlas@canlas.com', '13 S Hacienda Dr', 'Livingston', 'Essex', 'NJ', '07039');
INSERT INTO PERSONS (person_id, title_id, gender, first_name, last_name, middle_initial, ssn, home_phone, mobile_phone, email, address, city, county, state, postal_code) VALUES (85, 1, 'M', 'Bobby', 'Adkin', NULL, '003-67-4345', '718-201-3751', '718-732-9475', 'badkin@hotmail.com', '4 Kohler Memorial Dr', 'Brooklyn', 'Kings', 'NY', '11230');
INSERT INTO PERSONS (person_id, title_id, gender, first_name, last_name, middle_initial, ssn, home_phone, mobile_phone, email, address, city, county, state, postal_code) VALUES (86, 3, 'F', 'Jesusita', 'Flister', 'F', '967-30-1264', '717-885-9118', '717-686-7564', 'jesusita.flister@hotmail.com', '3943 N Highland Ave', 'Lancaster', 'Lancaster', 'PA', '17601');
INSERT INTO PERSONS (person_id, title_id, gender, first_name, last_name, middle_initial, ssn, home_phone, mobile_phone, email, address, city, county, state, postal_code) VALUES (87, 2, 'F', 'Helaine', 'Halter', 'O', '169-37-8366', '201-832-4168', '201-412-3040', 'hhalter@yahoo.com', '8 Sheridan Rd', 'Jersey City', 'Hudson', 'NJ', '07304');
INSERT INTO PERSONS (person_id, title_id, gender, first_name, last_name, middle_initial, ssn, home_phone, mobile_phone, email, address, city, county, state, postal_code) VALUES (88, 1, 'M', 'Fletcher', 'Buzick', 'D', '700-82-7066', '718-478-8504', '718-853-3740', 'fletcher.buzick@yahoo.com', '64 Newman Springs Rd E', 'Brooklyn', 'Kings', 'NY', '11219');
INSERT INTO PERSONS (person_id, title_id, gender, first_name, last_name, middle_initial, ssn, home_phone, mobile_phone, email, address, city, county, state, postal_code) VALUES (89, 1, 'M', 'Derick', 'Dhamer', NULL, '095-55-1762', '212-304-4515', '212-225-9676', 'ddhamer@cox.net', '87163 N Main Ave', 'New York', 'New York', 'NY', '10013');
INSERT INTO PERSONS (person_id, title_id, gender, first_name, last_name, middle_initial, ssn, home_phone, mobile_phone, email, address, city, county, state, postal_code) VALUES (90, 4, 'F', 'Aja', 'Gehrett', NULL, '076-83-9760', '973-544-2677', '973-986-4456', 'aja_gehrett@hotmail.com', '993 Washington Ave', 'Nutley', 'Essex', 'NJ', '07110');
INSERT INTO PERSONS (person_id, title_id, gender, first_name, last_name, middle_initial, ssn, home_phone, mobile_phone, email, address, city, county, state, postal_code) VALUES (91, 4, 'M', 'Kirk', 'Herritt', 'N', '554-15-5004', '607-407-3716', '607-350-7690', 'kirk.herritt@aol.com', '88 15th Ave Ne', 'Vestal', 'Broome', 'NY', '13850');
INSERT INTO PERSONS (person_id, title_id, gender, first_name, last_name, middle_initial, ssn, home_phone, mobile_phone, email, address, city, county, state, postal_code) VALUES (92, 3, 'F', 'Leonora', 'Mauson', NULL, '490-57-4253', '973-412-2995', '973-355-2120', 'leonora@yahoo.com', '3381 E 40th Ave', 'Passaic', 'Passaic', 'NJ', '07055');
INSERT INTO PERSONS (person_id, title_id, gender, first_name, last_name, middle_initial, ssn, home_phone, mobile_phone, email, address, city, county, state, postal_code) VALUES (93, 1, 'M', 'Sheldon', 'Shadrick', NULL, '664-21-1294', '718-232-2337', '718-394-4974', 'sheldon@cox.net', '61047 Mayfield Ave', 'Brooklyn', 'Kings', 'NY', '11223');
INSERT INTO PERSONS (person_id, title_id, gender, first_name, last_name, middle_initial, ssn, home_phone, mobile_phone, email, address, city, county, state, postal_code) VALUES (94, 2, 'F', 'Krissy', 'Rauser', 'P', '414-15-6735', '631-443-4710', '631-288-2866', 'krauser@cox.net', '8728 S Broad St', 'Coram', 'Suffolk', 'NY', '11727');
INSERT INTO PERSONS (person_id, title_id, gender, first_name, last_name, middle_initial, ssn, home_phone, mobile_phone, email, address, city, county, state, postal_code) VALUES (95, 1, 'M', 'Pete', 'Dubaldi', NULL, '786-52-0235', '201-825-2514', '201-749-8866', 'pdubaldi@hotmail.com', '2215 Prosperity Dr', 'Lyndhurst', 'Bergen', 'NJ', '07071');
INSERT INTO PERSONS (person_id, title_id, gender, first_name, last_name, middle_initial, ssn, home_phone, mobile_phone, email, address, city, county, state, postal_code) VALUES (96, 1, 'M', 'Sheron', 'Louissant', 'C', '059-31-3454', '718-976-8610', '718-613-9994', 'sheron@aol.com', '97 E 3rd St #9', 'Long Island City', 'Queens', 'NY', '11101');
INSERT INTO PERSONS (person_id, title_id, gender, first_name, last_name, middle_initial, ssn, home_phone, mobile_phone, email, address, city, county, state, postal_code) VALUES (97, 4, 'F', 'Zona', 'Colla', 'T', '991-79-9500', '203-461-1949', '203-938-2557', 'zona@hotmail.com', '49440 Dearborn St', 'Norwalk', 'Fairfield', 'CT', '06854');
INSERT INTO PERSONS (person_id, title_id, gender, first_name, last_name, middle_initial, ssn, home_phone, mobile_phone, email, address, city, county, state, postal_code) VALUES (98, 1, 'M', 'Cole', 'Daufeldt', NULL, '234-84-2910', '212-745-8484', '212-422-5427', 'cole_daufeldt@daufeldt.com', '3 Lawton St', 'New York', 'New York', 'NY', '10013');
INSERT INTO PERSONS (person_id, title_id, gender, first_name, last_name, middle_initial, ssn, home_phone, mobile_phone, email, address, city, county, state, postal_code) VALUES (99, 3, 'F', 'Jennie', 'Drymon', NULL, '383-09-5282', '570-218-4831', '570-868-8688', 'jennie@cox.net', '63728 Poway Rd #1', 'Scranton', 'Lackawanna', 'PA', '18509');
INSERT INTO PERSONS (person_id, title_id, gender, first_name, last_name, middle_initial, ssn, home_phone, mobile_phone, email, address, city, county, state, postal_code) VALUES (100, 2, 'F', 'Ciara', 'Ventura', NULL, '578-23-0264', '845-823-8877', '845-694-7919', 'cventura@yahoo.com', '53 W Carey St', 'Port Jervis', 'Orange', 'NY', '12771');
INSERT INTO PERSONS (person_id, title_id, gender, first_name, last_name, middle_initial, ssn, home_phone, mobile_phone, email, address, city, county, state, postal_code) VALUES (101, 1, 'M', 'Truman', 'Feichtner', 'R', '167-66-0909', '973-852-2736', '973-473-5108', 'tfeichtner@yahoo.com', '539 Coldwater Canyon Ave', 'Bloomfield', 'Essex', 'NJ', '07003');
INSERT INTO PERSONS (person_id, title_id, gender, first_name, last_name, middle_initial, ssn, home_phone, mobile_phone, email, address, city, county, state, postal_code) VALUES (102, 4, 'F', 'Dalene', 'Schoeneck', NULL, '681-21-8604', '215-268-1275', '215-380-8820', 'dalene@schoeneck.org', '910 Rahway Ave', 'Philadelphia', 'Philadelphia', 'PA', '19102');
INSERT INTO PERSONS (person_id, title_id, gender, first_name, last_name, middle_initial, ssn, home_phone, mobile_phone, email, address, city, county, state, postal_code) VALUES (103, 3, 'F', 'Lashandra', 'Klang', NULL, '933-22-1447', '610-809-1818', '610-378-7332', 'lashandra@yahoo.com', '810 N La Brea Ave', 'King of Prussia', 'Montgomery', 'PA', '19406');
INSERT INTO PERSONS (person_id, title_id, gender, first_name, last_name, middle_initial, ssn, home_phone, mobile_phone, email, address, city, county, state, postal_code) VALUES (104, 1, 'M', 'Markus', 'Frerking', NULL, '132-81-4762', '914-868-5965', '914-883-3061', 'markus.frerking@hotmail.com', '8429 Miller Rd', 'Pelham', 'Westchester', 'NY', '10803');
INSERT INTO PERSONS (person_id, title_id, gender, first_name, last_name, middle_initial, ssn, home_phone, mobile_phone, email, address, city, county, state, postal_code) VALUES (105, 1, 'M', 'Dean', 'Ketelsen', NULL, '487-90-4159', '516-847-4418', '516-732-6649', 'dean_ketelsen@gmail.com', '2 Flynn Rd', 'Hicksville', 'Nassau', 'NY', '11801');
INSERT INTO PERSONS (person_id, title_id, gender, first_name, last_name, middle_initial, ssn, home_phone, mobile_phone, email, address, city, county, state, postal_code) VALUES (106, 1, 'M', 'Teddy', 'Pedrozo', NULL, '784-11-0750', '203-892-3863', '203-918-3939', 'teddy_pedrozo@aol.com', '46314 Route 130', 'Bridgeport', 'Fairfield', 'CT', '06610');
INSERT INTO PERSONS (person_id, title_id, gender, first_name, last_name, middle_initial, ssn, home_phone, mobile_phone, email, address, city, county, state, postal_code) VALUES (107, 2, 'F', 'Tasia', 'Andreason', 'P', '074-26-1953', '201-920-9002', '201-969-7063', 'tasia_andreason@yahoo.com', '4 Cowesett Ave', 'Kearny', 'Hudson', 'NJ', '07032');
INSERT INTO PERSONS (person_id, title_id, gender, first_name, last_name, middle_initial, ssn, home_phone, mobile_phone, email, address, city, county, state, postal_code) VALUES (108, 1, 'M', 'Arthur', 'Farrow', NULL, '533-15-6607', '201-238-5688', '201-772-4377', 'arthur.farrow@yahoo.com', '28 S 7th St #2824', 'Englewood', 'Bergen', 'NJ', '07631');
INSERT INTO PERSONS (person_id, title_id, gender, first_name, last_name, middle_initial, ssn, home_phone, mobile_phone, email, address, city, county, state, postal_code) VALUES (109, 4, 'F', 'Janine', 'Rhoden', NULL, '907-60-9867', '718-228-5894', '718-728-5051', 'jrhoden@yahoo.com', '92 Broadway', 'Astoria', 'Queens', 'NY', '11103');
INSERT INTO PERSONS (person_id, title_id, gender, first_name, last_name, middle_initial, ssn, home_phone, mobile_phone, email, address, city, county, state, postal_code) VALUES (110, 3, 'F', 'Lynelle', 'Auber', NULL, '239-15-6821', '973-860-8610', '973-605-6492', 'lynelle_auber@gmail.com', '32820 Corkwood Rd', 'Newark', 'Essex', 'NJ', '07104');
INSERT INTO PERSONS (person_id, title_id, gender, first_name, last_name, middle_initial, ssn, home_phone, mobile_phone, email, address, city, county, state, postal_code) VALUES (111, 1, 'M', 'George', 'Kaniecki', 'K', '348-52-2812', '732-628-9909', '732-617-5310', 'george_kaniecki@yahoo.com', '6201 S Nevada Ave', 'Toms River', 'Ocean', 'NJ', '08755');
INSERT INTO PERSONS (person_id, title_id, gender, first_name, last_name, middle_initial, ssn, home_phone, mobile_phone, email, address, city, county, state, postal_code) VALUES (112, 2, 'F', 'Catarina', 'Gleich', 'F', '897-74-0208', '973-210-3994', '973-491-8723', 'catarina_gleich@hotmail.com', '78 Maryland Dr #146', 'Denville', 'Morris', 'NJ', '07834');
INSERT INTO PERSONS (person_id, title_id, gender, first_name, last_name, middle_initial, ssn, home_phone, mobile_phone, email, address, city, county, state, postal_code) VALUES (113, 4, 'F', 'Selma', 'Husser', 'J', '317-51-0865', '201-991-8369', '201-772-7699', 'selma.husser@cox.net', '9 State Highway 57 #22', 'Jersey City', 'Hudson', 'NJ', '07306');
INSERT INTO PERSONS (person_id, title_id, gender, first_name, last_name, middle_initial, ssn, home_phone, mobile_phone, email, address, city, county, state, postal_code) VALUES (114, 1, 'M', 'Ahmed', 'Angalich', 'O', '394-40-0742', '717-528-8996', '717-632-5831', 'ahmed.angalich@angalich.com', '2 W Beverly Blvd', 'Harrisburg', 'Dauphin', 'PA', '17110');
INSERT INTO PERSONS (person_id, title_id, gender, first_name, last_name, middle_initial, ssn, home_phone, mobile_phone, email, address, city, county, state, postal_code) VALUES (115, 3, 'F', 'Shonda', 'Greenbush', NULL, '832-24-2837', '973-482-2430', '973-644-2974', 'shonda_greenbush@cox.net', '82 Us Highway 46', 'Clifton', 'Passaic', 'NJ', '07011');
INSERT INTO PERSONS (person_id, title_id, gender, first_name, last_name, middle_initial, ssn, home_phone, mobile_phone, email, address, city, county, state, postal_code) VALUES (116, 2, 'F', 'Cecil', 'Lapage', 'B', '515-42-8039', '201-693-3967', '201-856-2720', 'clapage@lapage.com', '4 Stovall St #72', 'Union City', 'Hudson', 'NJ', '07087');
INSERT INTO PERSONS (person_id, title_id, gender, first_name, last_name, middle_initial, ssn, home_phone, mobile_phone, email, address, city, county, state, postal_code) VALUES (117, 4, 'F', 'Britt', 'Galam', NULL, '956-64-7622', '215-888-3304', '215-351-8523', 'britt@galam.org', '2500 Pringle Rd Se #508', 'Hatfield', 'Montgomery', 'PA', '19440');
INSERT INTO PERSONS (person_id, title_id, gender, first_name, last_name, middle_initial, ssn, home_phone, mobile_phone, email, address, city, county, state, postal_code) VALUES (118, 1, 'M', 'Adam', 'Lipkin', NULL, '097-28-4616', '973-654-1561', '973-662-8988', 'adam.lipkin@lipkin.com', '65 Mountain View Dr', 'Whippany', 'Morris', 'NJ', '07981');
INSERT INTO PERSONS (person_id, title_id, gender, first_name, last_name, middle_initial, ssn, home_phone, mobile_phone, email, address, city, county, state, postal_code) VALUES (119, 3, 'F', 'Jacqueline', 'Rowling', NULL, '181-57-4611', '814-865-8113', '814-481-1700', 'jacqueline.rowling@yahoo.com', '1 N San Saba', 'Erie', 'Erie', 'PA', '16501');
INSERT INTO PERSONS (person_id, title_id, gender, first_name, last_name, middle_initial, ssn, home_phone, mobile_phone, email, address, city, county, state, postal_code) VALUES (120, 1, 'M', 'Elijah', 'Mclaird', NULL, '597-56-3195', '315-818-2638', '315-474-5570', 'emclaird@mclaird.com', '6 Sunrise Ave', 'Utica', 'Oneida', 'NY', '13501');
INSERT INTO PERSONS (person_id, title_id, gender, first_name, last_name, middle_initial, ssn, home_phone, mobile_phone, email, address, city, county, state, postal_code) VALUES (121, 1, 'M', 'Nu', 'Mcnease', NULL, '680-69-8845', '973-751-9003', '973-903-4175', 'nu@gmail.com', '88 Sw 28th Ter', 'Harrison', 'Hudson', 'NJ', '07029');
INSERT INTO PERSONS (person_id, title_id, gender, first_name, last_name, middle_initial, ssn, home_phone, mobile_phone, email, address, city, county, state, postal_code) VALUES (122, 2, 'F', 'Daniela', 'Comnick', 'A', '178-97-0842', '609-200-8577', '609-398-2805', 'dcomnick@cox.net', '7 Flowers Rd #403', 'Trenton', 'Mercer', 'NJ', '08611');
INSERT INTO PERSONS (person_id, title_id, gender, first_name, last_name, middle_initial, ssn, home_phone, mobile_phone, email, address, city, county, state, postal_code) VALUES (123, 1, 'M', 'Lowel', 'Threets', NULL, '771-50-4365', '914-861-9748', '914-396-2615', 'leslie@cox.net', '2 A Kelley Dr', 'Katonah', 'Westchester', 'NY', '10536');
INSERT INTO PERSONS (person_id, title_id, gender, first_name, last_name, middle_initial, ssn, home_phone, mobile_phone, email, address, city, county, state, postal_code) VALUES (124, 4, 'F', 'Tegan', 'Arceo', 'G', '530-66-5084', '732-730-2692', '732-705-6719', 'tegan.arceo@arceo.org', '62260 Park Stre', 'Monroe Township', 'Middlesex', 'NJ', '08831');
INSERT INTO PERSONS (person_id, title_id, gender, first_name, last_name, middle_initial, ssn, home_phone, mobile_phone, email, address, city, county, state, postal_code) VALUES (125, 1, 'M', 'Vi', 'Rentfro', NULL, '232-73-7659', '732-605-4781', '732-724-7251', 'vrentfro@cox.net', '7163 W Clark Rd', 'Freehold', 'Monmouth', 'NJ', '07728');
INSERT INTO PERSONS (person_id, title_id, gender, first_name, last_name, middle_initial, ssn, home_phone, mobile_phone, email, address, city, county, state, postal_code) VALUES (126, 3, 'F', 'Jess', 'Chaffins', NULL, '117-63-0369', '212-510-4633', '212-428-9538', 'jess.chaffins@chaffins.org', '18 3rd Ave', 'New York', 'New York', 'NY', '10016');
INSERT INTO PERSONS (person_id, title_id, gender, first_name, last_name, middle_initial, ssn, home_phone, mobile_phone, email, address, city, county, state, postal_code) VALUES (127, 2, 'F', 'Sharen', 'Bourbon', NULL, '343-08-8847', '516-816-1541', '516-749-3188', 'sbourbon@yahoo.com', '62 W Austin St', 'Syosset', 'Nassau', 'NY', '11791');
INSERT INTO PERSONS (person_id, title_id, gender, first_name, last_name, middle_initial, ssn, home_phone, mobile_phone, email, address, city, county, state, postal_code) VALUES (128, 1, 'M', 'Alpha', 'Palaia', NULL, '272-77-5811', '856-312-2629', '856-513-7024', 'alpha@yahoo.com', '43496 Commercial Dr #29', 'Cherry Hill', 'Camden', 'NJ', '08003');
INSERT INTO PERSONS (person_id, title_id, gender, first_name, last_name, middle_initial, ssn, home_phone, mobile_phone, email, address, city, county, state, postal_code) VALUES (129, 4, 'F', 'Gilma', 'Liukko', 'A', '220-85-9332', '516-393-9967', '516-407-9573', 'gilma_liukko@gmail.com', '16452 Greenwich St', 'Garden City', 'Nassau', 'NY', '11530');
INSERT INTO PERSONS (person_id, title_id, gender, first_name, last_name, middle_initial, ssn, home_phone, mobile_phone, email, address, city, county, state, postal_code) VALUES (130, 3, 'F', 'Lili', 'Paskin', NULL, '381-95-3872', '201-431-2989', '201-478-8540', 'lili.paskin@cox.net', '20113 4th Ave E', 'Kearny', 'Hudson', 'NJ', '07032');
INSERT INTO PERSONS (person_id, title_id, gender, first_name, last_name, middle_initial, ssn, home_phone, mobile_phone, email, address, city, county, state, postal_code) VALUES (131, 2, 'F', 'Loren', 'Asar', NULL, '235-25-5414', '570-648-3035', '570-569-2356', 'loren.asar@aol.com', '6 Ridgewood Center Dr', 'Old Forge', 'Lackawanna', 'PA', '18518');
INSERT INTO PERSONS (person_id, title_id, gender, first_name, last_name, middle_initial, ssn, home_phone, mobile_phone, email, address, city, county, state, postal_code) VALUES (132, 4, 'F', 'Catalina', 'Tillotson', NULL, '281-05-7906', '609-373-3332', '609-826-4990', 'catalina@hotmail.com', '3338 A Lockport Pl #6', 'Margate City', 'Atlantic', 'NJ', '08402');

INSERT INTO PERSONNEL_TYPE (personnel_type_id, type_name) values (1, 'Physician');
INSERT INTO PERSONNEL_TYPE (personnel_type_id, type_name) values (2, 'Surgeon');
INSERT INTO PERSONNEL_TYPE (personnel_type_id, type_name) values (3, 'Nurse');
INSERT INTO PERSONNEL_TYPE (personnel_type_id, type_name) values (4, 'Staff');


