-- This is where inalizing and sample data will go



INSERT INTO EXERCISE (EXERCISE_ID, NAME, DESCRIPTION) VALUES (01, 'Circuit Training', 'Burn fat fast with high intensity intervals');
INSERT INTO EXERCISE (EXERCISE_ID, NAME, DESCRIPTION) VALUES (02, 'Cardio Tone', 'Come join the fun in this high energy, fat burning class, with easy-to-follow routines');
INSERT INTO EXERCISE (EXERCISE_ID, NAME, DESCRIPTION) VALUES (03, 'Core and More', 'Functional core training allows you to practice movement that provides optimal motion for daily tasks');
INSERT INTO EXERCISE (EXERCISE_ID, NAME, DESCRIPTION) VALUES (04, 'Zumba', 'This exhilarating, easy-to-follow, Latin-inspired, calorie-burning dance fitness-party will move you');
INSERT INTO EXERCISE (EXERCISE_ID, NAME, DESCRIPTION) VALUES (05, 'Belly Dancing', 'Shimmy your way to a sculpted body by shaking your hips and moving your abdominal muscles');
INSERT INTO EXERCISE (EXERCISE_ID, NAME, DESCRIPTION) VALUES (06, 'Pole Dancing', 'Channel your inner exotic dancer and limber up for some fun while getting a serious workout for your arms, back, abs, and legs with this pole routine');
INSERT INTO EXERCISE (EXERCISE_ID, NAME, DESCRIPTION) VALUES (07, 'Boot Camp', 'You can command Power, Strength and Agility with this military inspired circuit workout that will push you to your limits');
INSERT INTO EXERCISE (EXERCISE_ID, NAME, DESCRIPTION) VALUES (08, 'Spin', 'Stay in the zone with this intense cycling');
INSERT INTO EXERCISE (EXERCISE_ID, NAME, DESCRIPTION) VALUES (09, 'Kickboxing', 'Kick, punch, bob and weave your way to a higher fitness level');
INSERT INTO EXERCISE (EXERCISE_ID, NAME, DESCRIPTION) VALUES (10, 'Mat Pilates', 'Increase your flexibility as you flow through a series of dynamic movements that restore balance to core muscles of the lower back and abdominals');
INSERT INTO EXERCISE (EXERCISE_ID, NAME, DESCRIPTION) VALUES (11, 'Tai Chi', 'Discover the benefits of this ancient form of martial arts which will improve balance, agility, strength, and coordination');
INSERT INTO EXERCISE (EXERCISE_ID, NAME, DESCRIPTION) VALUES (12, 'Step Sculpt', 'A great step workout followed by intense muscle conditioning with light weights and challenging core work');
INSERT INTO EXERCISE (EXERCISE_ID, NAME, DESCRIPTION) VALUES (13, 'Hatha Yoga', 'Focus on flexabilty and strenth on this yoga class');
INSERT INTO EXERCISE (EXERCISE_ID, NAME, DESCRIPTION) VALUES (14, 'Hot Hatha', 'Come prepared to sweat practicing in a room heated to 105 degrees');

INSERT INTO ROOM (ROOM_ID, CAPACITY, ROOM_NUMBER, BUILDING_NAME) VALUES (01, 25, 'Bike A', 'Central Gymansium');
INSERT INTO ROOM (ROOM_ID, CAPACITY, ROOM_NUMBER, BUILDING_NAME) VALUES (02, 13, 'Studio A', 'Central Gymansium');
INSERT INTO ROOM (ROOM_ID, CAPACITY, ROOM_NUMBER, BUILDING_NAME) VALUES (03, 32, 'Cardio B', 'Alumni Hall');

INSERT INTO MEMBERSHIP (MEMBERSHIP_ID, MEMBERSHIP_TYPE, FEE, ADVANTAGES) VALUES (01, 'ONE WEEK TRIAL', '0.00', 'Fitness coaching\nGroup training\nTwice weekly\nFitness Calculator\nCardio Floor');
INSERT INTO MEMBERSHIP (MEMBERSHIP_ID, MEMBERSHIP_TYPE, FEE, ADVANTAGES) VALUES (02, '3 MONTHS', '299.00', 'Fitness coaching\nGroup training\nTwice weekly\nFitness Calculator\nCardio Floor');
INSERT INTO MEMBERSHIP (MEMBERSHIP_ID, MEMBERSHIP_TYPE, FEE, ADVANTAGES) VALUES (03, '6 MONTHS', '450.00', 'Flexible coaching\nSemi-private training\nTimes to suit you\nPilates\nTennis');
INSERT INTO MEMBERSHIP (MEMBERSHIP_ID, MEMBERSHIP_TYPE, FEE, ADVANTAGES) VALUES (04, '12 MONTHS', '980.00', 'Flexible coaching\nSemi-private training\nTimes to suit you\nPilates\nTennis');


-- H2 has a command <script into 'mydatafilename.sql'>  Saves a lot of time, neat.
INSERT INTO PERSON(USER_ID, EMAIL, NAME, ENABLED, TOKEN_EXPIRED, PASSWORD_HASH) VALUES (1, 'oria@njit.edu', 'Vincent Oria', TRUE, FALSE, '$2a$10$AIqpc4JhuHuXOdPchYgeZuVfU/vP3FJDUJk/NP8zG8hHqfoa7DWsG');
INSERT INTO PERSON(USER_ID, EMAIL, NAME, ENABLED, TOKEN_EXPIRED, PASSWORD_HASH) VALUES (220, 'admin@test.com', 'Admin', TRUE, FALSE, '$2a$10$SqJDQRbHTmusFH3PGXtftOgSrHppGFcddtQcNClzuM2fvxeRZG01e');
INSERT INTO PERSON(USER_ID, EMAIL, NAME, ENABLED, TOKEN_EXPIRED, PASSWORD_HASH) VALUES (221, 'hourlyinstructor@test.com', 'Hourly Instructor', TRUE, FALSE, '$2a$10$TCBgiq3EgTnWmqE7bZse4e8bqJHlaI82kTIf.omY/2fvXUPOBWTse');
INSERT INTO PERSON(USER_ID, EMAIL, NAME, ENABLED, TOKEN_EXPIRED, PASSWORD_HASH) VALUES (222, 'salariedinstructor@test.com', 'Salaried Instructor', TRUE, FALSE, '$2a$10$9bMFwzhSGas3/iThETi3Z.uX7I/aXW4LlRowe25G9E6ATN/xFcEfS');
INSERT INTO PERSON(USER_ID, EMAIL, NAME, ENABLED, TOKEN_EXPIRED, PASSWORD_HASH) VALUES (223, 'instructormember@test.com', 'Hourly Instructor & Member', TRUE, FALSE, '$2a$10$kCQ1NL/1g0.7O53irXT6l.tvIaCa.tiRhaPXY0RLSRhIJlbfDT.Me');
INSERT INTO PERSON(USER_ID, EMAIL, NAME, ENABLED, TOKEN_EXPIRED, PASSWORD_HASH) VALUES (224, 'member@test.com', 'Regular Member', TRUE, FALSE, '$2a$10$oyPE.PGq9s2Ov9yz7pSX7eZ3A/XheGU8Kq2Ikh3OP0qtUfrSRilSm');


INSERT INTO ROLE(ROLE_ID, NAME) VALUES (217, 'ROLE_ADMIN');
INSERT INTO ROLE(ROLE_ID, NAME) VALUES (218, 'ROLE_INSTRUCTOR');
INSERT INTO ROLE(ROLE_ID, NAME) VALUES (219, 'ROLE_MEMBER');


INSERT INTO USERS_ROLES(USER_ID, ROLE_ID) VALUES (220, 217);
INSERT INTO USERS_ROLES(USER_ID, ROLE_ID) VALUES (221, 218);
INSERT INTO USERS_ROLES(USER_ID, ROLE_ID) VALUES (222, 218);
INSERT INTO USERS_ROLES(USER_ID, ROLE_ID) VALUES (223, 218);
INSERT INTO USERS_ROLES(USER_ID, ROLE_ID) VALUES (223, 219);
INSERT INTO USERS_ROLES(USER_ID, ROLE_ID) VALUES (224, 219);

INSERT INTO PRIVILEGE(PRIVILEGE_ID, NAME) VALUES (200, 'CHANGE_ALL_PASSWORD_PRIVILEGE');
INSERT INTO PRIVILEGE(PRIVILEGE_ID, NAME) VALUES (201, 'CHANGE_SELF_PASSWORD_PRIVILEGE');
INSERT INTO PRIVILEGE(PRIVILEGE_ID, NAME) VALUES (202, 'ADMIN');
INSERT INTO PRIVILEGE(PRIVILEGE_ID, NAME) VALUES (203, 'REGISTER_MEMBER');
INSERT INTO PRIVILEGE(PRIVILEGE_ID, NAME) VALUES (204, 'REGISTER_INSTRUCTOR');
INSERT INTO PRIVILEGE(PRIVILEGE_ID, NAME) VALUES (205, 'REGISTER_SELF_FOR_CLASS');
INSERT INTO PRIVILEGE(PRIVILEGE_ID, NAME) VALUES (206, 'REGISTER_MEMBER_FOR_CLASS');
INSERT INTO PRIVILEGE(PRIVILEGE_ID, NAME) VALUES (207, 'CREATE_CLASS');
INSERT INTO PRIVILEGE(PRIVILEGE_ID, NAME) VALUES (208, 'VIEW_ALL_DETAILS_CLASS');
INSERT INTO PRIVILEGE(PRIVILEGE_ID, NAME) VALUES (209, 'CANCEL_CLASS');
INSERT INTO PRIVILEGE(PRIVILEGE_ID, NAME) VALUES (210, 'CANCEL_OWN_CLASS');
INSERT INTO PRIVILEGE(PRIVILEGE_ID, NAME) VALUES (211, 'DELETE_MEMBER');
INSERT INTO PRIVILEGE(PRIVILEGE_ID, NAME) VALUES (212, 'DELETE_CLASS');
INSERT INTO PRIVILEGE(PRIVILEGE_ID, NAME) VALUES (213, 'VIEW_ALL_MEMBERS');
INSERT INTO PRIVILEGE(PRIVILEGE_ID, NAME) VALUES (214, 'VIEW_ALL_MEMBERS_OWN_CLASS');
INSERT INTO PRIVILEGE(PRIVILEGE_ID, NAME) VALUES (215, 'MODIFY_ALL_MEMBERS');
INSERT INTO PRIVILEGE(PRIVILEGE_ID, NAME) VALUES (216, 'MODIFY_SELF_MEMBER');


INSERT INTO ROLES_PRIVILEGES(ROLE_ID, PRIVILEGE_ID) VALUES (217, 202);
INSERT INTO ROLES_PRIVILEGES(ROLE_ID, PRIVILEGE_ID) VALUES (217, 200);
INSERT INTO ROLES_PRIVILEGES(ROLE_ID, PRIVILEGE_ID) VALUES (217, 201);
INSERT INTO ROLES_PRIVILEGES(ROLE_ID, PRIVILEGE_ID) VALUES (217, 203);
INSERT INTO ROLES_PRIVILEGES(ROLE_ID, PRIVILEGE_ID) VALUES (217, 204);
INSERT INTO ROLES_PRIVILEGES(ROLE_ID, PRIVILEGE_ID) VALUES (217, 205);
INSERT INTO ROLES_PRIVILEGES(ROLE_ID, PRIVILEGE_ID) VALUES (217, 206);
INSERT INTO ROLES_PRIVILEGES(ROLE_ID, PRIVILEGE_ID) VALUES (217, 207);
INSERT INTO ROLES_PRIVILEGES(ROLE_ID, PRIVILEGE_ID) VALUES (217, 209);
INSERT INTO ROLES_PRIVILEGES(ROLE_ID, PRIVILEGE_ID) VALUES (217, 210);
INSERT INTO ROLES_PRIVILEGES(ROLE_ID, PRIVILEGE_ID) VALUES (217, 211);
INSERT INTO ROLES_PRIVILEGES(ROLE_ID, PRIVILEGE_ID) VALUES (217, 212);
INSERT INTO ROLES_PRIVILEGES(ROLE_ID, PRIVILEGE_ID) VALUES (217, 213);
INSERT INTO ROLES_PRIVILEGES(ROLE_ID, PRIVILEGE_ID) VALUES (217, 214);
INSERT INTO ROLES_PRIVILEGES(ROLE_ID, PRIVILEGE_ID) VALUES (217, 208);
INSERT INTO ROLES_PRIVILEGES(ROLE_ID, PRIVILEGE_ID) VALUES (217, 215);
INSERT INTO ROLES_PRIVILEGES(ROLE_ID, PRIVILEGE_ID) VALUES (217, 216);
INSERT INTO ROLES_PRIVILEGES(ROLE_ID, PRIVILEGE_ID) VALUES (218, 201);
INSERT INTO ROLES_PRIVILEGES(ROLE_ID, PRIVILEGE_ID) VALUES (218, 216);
INSERT INTO ROLES_PRIVILEGES(ROLE_ID, PRIVILEGE_ID) VALUES (218, 210);
INSERT INTO ROLES_PRIVILEGES(ROLE_ID, PRIVILEGE_ID) VALUES (218, 214);
INSERT INTO ROLES_PRIVILEGES(ROLE_ID, PRIVILEGE_ID) VALUES (219, 201);
INSERT INTO ROLES_PRIVILEGES(ROLE_ID, PRIVILEGE_ID) VALUES (219, 205);
INSERT INTO ROLES_PRIVILEGES(ROLE_ID, PRIVILEGE_ID) VALUES (219, 216);


INSERT INTO HOURLY_INSTRUCTOR(USER_ID, HOURS, HOURLY_WAGE) VALUES (1,  20, 22.75);
INSERT INTO HOURLY_INSTRUCTOR(USER_ID, HOURS, HOURLY_WAGE) VALUES (221, 0, 12.50);
INSERT INTO HOURLY_INSTRUCTOR(USER_ID, HOURS, HOURLY_WAGE) VALUES (223, 0, 32.00);

INSERT INTO SALARIED_INSTRUCTOR(USER_ID, SALARY) VALUES
(222, 45000.00);

INSERT INTO MEMBER(USER_ID, ADDRESS1, ADDRESS2, CITY, COUNTY, STATE, POSTAL_CODE, REGISTRATION_DATE, MEMBERSHIP_ID) VALUES
(224, 'Address 1', 'Address 2', 'City', 'county', 'State', '12345', TIMESTAMP '2018-04-29 19:58:06.584', 1);

INSERT INTO PERSON (USER_ID, EMAIL, NAME, ENABLED, TOKEN_EXPIRED, PASSWORD_HASH) VALUES 
(225, 'clair@test.com', 'Claire H Smith', TRUE, FALSE, '$2a$10$TCBgiq3EgTnWmqE7bZse4e8bqJHlaI82kTIf.omY/2fvXUPOBWTse');
INSERT INTO USERS_ROLES(USER_ID, ROLE_ID) VALUES (225, 218);
INSERT INTO HOURLY_INSTRUCTOR(USER_ID, HOURS, HOURLY_WAGE) VALUES (225, 0, 25.00);

INSERT INTO PERSON (USER_ID, EMAIL, NAME, ENABLED, TOKEN_EXPIRED, PASSWORD_HASH) VALUES 
(226, 'jason@test.com', 'Jason H Alpha', TRUE, FALSE, '$2a$10$TCBgiq3EgTnWmqE7bZse4e8bqJHlaI82kTIf.omY/2fvXUPOBWTse');
INSERT INTO USERS_ROLES(USER_ID, ROLE_ID) VALUES (226, 218);
INSERT INTO HOURLY_INSTRUCTOR(USER_ID, HOURS, HOURLY_WAGE) VALUES (226, 0, 18.79);

INSERT INTO PERSON (USER_ID, EMAIL, NAME, ENABLED, TOKEN_EXPIRED, PASSWORD_HASH) VALUES 
(227, 'allison@test.com', 'Allison H Beta', TRUE, FALSE, '$2a$10$TCBgiq3EgTnWmqE7bZse4e8bqJHlaI82kTIf.omY/2fvXUPOBWTse');
INSERT INTO USERS_ROLES(USER_ID, ROLE_ID) VALUES (227, 218);
INSERT INTO HOURLY_INSTRUCTOR(USER_ID, HOURS, HOURLY_WAGE) VALUES (227, 0, 42.00);

INSERT INTO PERSON (USER_ID, EMAIL, NAME, ENABLED, TOKEN_EXPIRED, PASSWORD_HASH) VALUES 
(228, 'eric@test.com', 'Eric H Delta', TRUE, FALSE, '$2a$10$TCBgiq3EgTnWmqE7bZse4e8bqJHlaI82kTIf.omY/2fvXUPOBWTse');
INSERT INTO USERS_ROLES(USER_ID, ROLE_ID) VALUES (228, 218);
INSERT INTO HOURLY_INSTRUCTOR(USER_ID, HOURS, HOURLY_WAGE) VALUES (228, 0, 13.00);

INSERT INTO PERSON (USER_ID, EMAIL, NAME, ENABLED, TOKEN_EXPIRED, PASSWORD_HASH) VALUES 
(229, 'claudia@test.com', 'Claudia H Gamma', TRUE, FALSE, '$2a$10$TCBgiq3EgTnWmqE7bZse4e8bqJHlaI82kTIf.omY/2fvXUPOBWTse');
INSERT INTO USERS_ROLES(USER_ID, ROLE_ID) VALUES (229, 218);
INSERT INTO HOURLY_INSTRUCTOR(USER_ID, HOURS, HOURLY_WAGE) VALUES (229, 0, 26.57);


INSERT INTO PERSON (USER_ID, EMAIL, NAME, ENABLED, TOKEN_EXPIRED, PASSWORD_HASH) VALUES 
(230, 'jerry@nbc.com', 'Jerry S Seinfield', TRUE, FALSE, '$2a$10$TCBgiq3EgTnWmqE7bZse4e8bqJHlaI82kTIf.omY/2fvXUPOBWTse');
INSERT INTO USERS_ROLES(USER_ID, ROLE_ID) VALUES (230, 218);
INSERT INTO SALARIED_INSTRUCTOR (USER_ID, SALARY) VALUES (230, 100000.00);

INSERT INTO PERSON (USER_ID, EMAIL, NAME, ENABLED, TOKEN_EXPIRED, PASSWORD_HASH) VALUES 
(231, 'elaine@nbc.com', 'Elaine S Benes', TRUE, FALSE, '$2a$10$TCBgiq3EgTnWmqE7bZse4e8bqJHlaI82kTIf.omY/2fvXUPOBWTse');
INSERT INTO USERS_ROLES(USER_ID, ROLE_ID) VALUES (231, 218);
INSERT INTO SALARIED_INSTRUCTOR (USER_ID, SALARY) VALUES (231, 90000.00);

INSERT INTO PERSON (USER_ID, EMAIL, NAME, ENABLED, TOKEN_EXPIRED, PASSWORD_HASH) VALUES 
(232, 'cosmo@nbc.com', 'Cosmo S Kramer', TRUE, FALSE, '$2a$10$TCBgiq3EgTnWmqE7bZse4e8bqJHlaI82kTIf.omY/2fvXUPOBWTse');
INSERT INTO USERS_ROLES(USER_ID, ROLE_ID) VALUES (232, 218);
INSERT INTO SALARIED_INSTRUCTOR (USER_ID, SALARY) VALUES (232, 75000.00);

INSERT INTO PERSON (USER_ID, EMAIL, NAME, ENABLED, TOKEN_EXPIRED, PASSWORD_HASH) VALUES 
(233, 'newman@nbc.com', 'Newman S Newman', TRUE, FALSE, '$2a$10$TCBgiq3EgTnWmqE7bZse4e8bqJHlaI82kTIf.omY/2fvXUPOBWTse');
INSERT INTO USERS_ROLES(USER_ID, ROLE_ID) VALUES (233, 218);
INSERT INTO SALARIED_INSTRUCTOR (USER_ID, SALARY) VALUES (233, 50000.00);

INSERT INTO PERSON (USER_ID, EMAIL, NAME, ENABLED, TOKEN_EXPIRED, PASSWORD_HASH) VALUES 
(234, 'susan@nbc.com', 'Susan S Ross', TRUE, FALSE, '$2a$10$TCBgiq3EgTnWmqE7bZse4e8bqJHlaI82kTIf.omY/2fvXUPOBWTse');
INSERT INTO USERS_ROLES(USER_ID, ROLE_ID) VALUES (234, 218);
INSERT INTO SALARIED_INSTRUCTOR (USER_ID, SALARY) VALUES (234, 60000.00);


--Sunday		
INSERT INTO CLASS (CLASS_ID, EXERCISE_ID, ROOM_ID, INSTRUCTOR_ID, START_DATETIME, DURATION) VALUES (001, 07, 03, 	230	, '2018-05-01 09:00:00', 90); -- Boot
INSERT INTO CLASS (CLASS_ID, EXERCISE_ID, ROOM_ID, INSTRUCTOR_ID, START_DATETIME, DURATION) VALUES (002, 08, 01, 	221	, '2018-05-01 10:00:00', 60); -- Spin
INSERT INTO CLASS (CLASS_ID, EXERCISE_ID, ROOM_ID, INSTRUCTOR_ID, START_DATETIME, DURATION) VALUES (003, 11, 02, 	233	, '2018-05-01 10:30:00', 45); -- Tai Chi
--Monday		
INSERT INTO CLASS (CLASS_ID, EXERCISE_ID, ROOM_ID, INSTRUCTOR_ID, START_DATETIME, DURATION) VALUES (004, 08, 01, 	225	, '2018-05-02 05:15:00', 60); -- Spin
INSERT INTO CLASS (CLASS_ID, EXERCISE_ID, ROOM_ID, INSTRUCTOR_ID, START_DATETIME, DURATION) VALUES (005, 01, 03, 	229	, '2018-05-02 06:00:00', 60); -- Circuits
INSERT INTO CLASS (CLASS_ID, EXERCISE_ID, ROOM_ID, INSTRUCTOR_ID, START_DATETIME, DURATION) VALUES (006, 10, 02, 	1	, '2018-05-02 06:00:00', 60); -- Pilates
INSERT INTO CLASS (CLASS_ID, EXERCISE_ID, ROOM_ID, INSTRUCTOR_ID, START_DATETIME, DURATION) VALUES (007, 13, 02, 	226	, '2018-05-02 09:15:00', 45); -- Yoga
INSERT INTO CLASS (CLASS_ID, EXERCISE_ID, ROOM_ID, INSTRUCTOR_ID, START_DATETIME, DURATION) VALUES (008, 04, 03, 	1	, '2018-05-02 10:30:00', 45); -- Zumba
INSERT INTO CLASS (CLASS_ID, EXERCISE_ID, ROOM_ID, INSTRUCTOR_ID, START_DATETIME, DURATION) VALUES (009, 09, 03, 	222	, '2018-05-02 13:30:00', 120); -- Kick
INSERT INTO CLASS (CLASS_ID, EXERCISE_ID, ROOM_ID, INSTRUCTOR_ID, START_DATETIME, DURATION) VALUES (010, 08, 01, 	230	, '2018-05-02 17:30:00', 60); -- Spin
INSERT INTO CLASS (CLASS_ID, EXERCISE_ID, ROOM_ID, INSTRUCTOR_ID, START_DATETIME, DURATION) VALUES (011, 13, 02, 	223	, '2018-05-02 19:30:00', 60); -- Yoga
--Tuesday		
INSERT INTO CLASS (CLASS_ID, EXERCISE_ID, ROOM_ID, INSTRUCTOR_ID, START_DATETIME, DURATION) VALUES (012, 07, 03, 	233	, '2018-05-03 05:00:00', 90); -- Boot
INSERT INTO CLASS (CLASS_ID, EXERCISE_ID, ROOM_ID, INSTRUCTOR_ID, START_DATETIME, DURATION) VALUES (013, 04, 03, 	221	, '2018-05-03 06:30:00', 60); -- Zumba
INSERT INTO CLASS (CLASS_ID, EXERCISE_ID, ROOM_ID, INSTRUCTOR_ID, START_DATETIME, DURATION) VALUES (014, 14, 02, 	226	, '2018-05-03 09:15:00', 45); -- Hot
INSERT INTO CLASS (CLASS_ID, EXERCISE_ID, ROOM_ID, INSTRUCTOR_ID, START_DATETIME, DURATION) VALUES (015, 06, 02, 	226	, '2018-05-03 10:30:00', 45); -- Pole
INSERT INTO CLASS (CLASS_ID, EXERCISE_ID, ROOM_ID, INSTRUCTOR_ID, START_DATETIME, DURATION) VALUES (016, 09, 03, 	230	, '2018-05-03 13:30:00', 120); -- Kick
INSERT INTO CLASS (CLASS_ID, EXERCISE_ID, ROOM_ID, INSTRUCTOR_ID, START_DATETIME, DURATION) VALUES (017, 08, 01, 	226	, '2018-05-03 17:30:00', 60); -- Spin
INSERT INTO CLASS (CLASS_ID, EXERCISE_ID, ROOM_ID, INSTRUCTOR_ID, START_DATETIME, DURATION) VALUES (018, 05, 02, 	234	, '2018-05-03 19:30:00', 60); -- Belly
--Wednesday		
INSERT INTO CLASS (CLASS_ID, EXERCISE_ID, ROOM_ID, INSTRUCTOR_ID, START_DATETIME, DURATION) VALUES (019, 08, 01, 	232	, '2018-05-04 05:15:00', 60); -- Spin
INSERT INTO CLASS (CLASS_ID, EXERCISE_ID, ROOM_ID, INSTRUCTOR_ID, START_DATETIME, DURATION) VALUES (020, 02, 03, 	228	, '2018-05-04 06:00:00', 60); -- Cardio
INSERT INTO CLASS (CLASS_ID, EXERCISE_ID, ROOM_ID, INSTRUCTOR_ID, START_DATETIME, DURATION) VALUES (021, 12, 02, 	222	, '2018-05-04 06:00:00', 60); -- Step
INSERT INTO CLASS (CLASS_ID, EXERCISE_ID, ROOM_ID, INSTRUCTOR_ID, START_DATETIME, DURATION) VALUES (022, 11, 02, 	227	, '2018-05-04 09:15:00', 45); -- Tai Chi
INSERT INTO CLASS (CLASS_ID, EXERCISE_ID, ROOM_ID, INSTRUCTOR_ID, START_DATETIME, DURATION) VALUES (023, 04, 03, 	232	, '2018-05-04 10:30:00', 45); -- Zumba
INSERT INTO CLASS (CLASS_ID, EXERCISE_ID, ROOM_ID, INSTRUCTOR_ID, START_DATETIME, DURATION) VALUES (024, 09, 03, 	221	, '2018-05-04 13:30:00', 120); -- Kick
INSERT INTO CLASS (CLASS_ID, EXERCISE_ID, ROOM_ID, INSTRUCTOR_ID, START_DATETIME, DURATION) VALUES (025, 08, 01, 	222	, '2018-05-04 17:30:00', 60); -- Spin
INSERT INTO CLASS (CLASS_ID, EXERCISE_ID, ROOM_ID, INSTRUCTOR_ID, START_DATETIME, DURATION) VALUES (026, 13, 02, 	225	, '2018-05-04 19:30:00', 60); -- Yoga
--Thursday		
INSERT INTO CLASS (CLASS_ID, EXERCISE_ID, ROOM_ID, INSTRUCTOR_ID, START_DATETIME, DURATION) VALUES (027, 07, 03, 	221	, '2018-05-05 05:00:00', 90); -- Boot
INSERT INTO CLASS (CLASS_ID, EXERCISE_ID, ROOM_ID, INSTRUCTOR_ID, START_DATETIME, DURATION) VALUES (028, 04, 03, 	230	, '2018-05-05 06:30:00', 60); -- Zumba
INSERT INTO CLASS (CLASS_ID, EXERCISE_ID, ROOM_ID, INSTRUCTOR_ID, START_DATETIME, DURATION) VALUES (029, 14, 02, 	227	, '2018-05-05 09:15:00', 45); -- Hot
INSERT INTO CLASS (CLASS_ID, EXERCISE_ID, ROOM_ID, INSTRUCTOR_ID, START_DATETIME, DURATION) VALUES (030, 06, 02, 	233	, '2018-05-05 10:30:00', 45); -- Pole
INSERT INTO CLASS (CLASS_ID, EXERCISE_ID, ROOM_ID, INSTRUCTOR_ID, START_DATETIME, DURATION) VALUES (031, 09, 03, 	226	, '2018-05-05 13:30:00', 120); -- Kick
INSERT INTO CLASS (CLASS_ID, EXERCISE_ID, ROOM_ID, INSTRUCTOR_ID, START_DATETIME, DURATION) VALUES (032, 08, 01, 	222	, '2018-05-05 17:30:00', 60); -- Spin
INSERT INTO CLASS (CLASS_ID, EXERCISE_ID, ROOM_ID, INSTRUCTOR_ID, START_DATETIME, DURATION) VALUES (033, 05, 02, 	222	, '2018-05-05 19:30:00', 60); -- Belly
--Friday		
INSERT INTO CLASS (CLASS_ID, EXERCISE_ID, ROOM_ID, INSTRUCTOR_ID, START_DATETIME, DURATION) VALUES (034, 08, 01, 	222	, '2018-05-06 05:15:00', 60); -- Spin
INSERT INTO CLASS (CLASS_ID, EXERCISE_ID, ROOM_ID, INSTRUCTOR_ID, START_DATETIME, DURATION) VALUES (035, 03, 03, 	232	, '2018-05-06 06:00:00', 60); -- Core
INSERT INTO CLASS (CLASS_ID, EXERCISE_ID, ROOM_ID, INSTRUCTOR_ID, START_DATETIME, DURATION) VALUES (036, 10, 02, 	234	, '2018-05-06 06:00:00', 60); -- Pilates
INSERT INTO CLASS (CLASS_ID, EXERCISE_ID, ROOM_ID, INSTRUCTOR_ID, START_DATETIME, DURATION) VALUES (037, 13, 02, 	223	, '2018-05-06 09:15:00', 45); -- Yoga
INSERT INTO CLASS (CLASS_ID, EXERCISE_ID, ROOM_ID, INSTRUCTOR_ID, START_DATETIME, DURATION) VALUES (038, 04, 03, 	223	, '2018-05-06 10:30:00', 45); -- Zumba
INSERT INTO CLASS (CLASS_ID, EXERCISE_ID, ROOM_ID, INSTRUCTOR_ID, START_DATETIME, DURATION) VALUES (039, 09, 03, 	227	, '2018-05-06 13:30:00', 120); -- Kick
INSERT INTO CLASS (CLASS_ID, EXERCISE_ID, ROOM_ID, INSTRUCTOR_ID, START_DATETIME, DURATION) VALUES (040, 08, 01, 	230	, '2018-05-06 17:30:00', 60); -- Spin
INSERT INTO CLASS (CLASS_ID, EXERCISE_ID, ROOM_ID, INSTRUCTOR_ID, START_DATETIME, DURATION) VALUES (041, 13, 02, 	231	, '2018-05-06 19:30:00', 60); -- Yoga
-- Saturday		
INSERT INTO CLASS (CLASS_ID, EXERCISE_ID, ROOM_ID, INSTRUCTOR_ID, START_DATETIME, DURATION) VALUES (042, 07, 03, 	231	, '2018-05-07 08:00:00', 90); -- Boot
INSERT INTO CLASS (CLASS_ID, EXERCISE_ID, ROOM_ID, INSTRUCTOR_ID, START_DATETIME, DURATION) VALUES (043, 08, 01, 	231	, '2018-05-07 10:00:00', 60); -- Spin
INSERT INTO CLASS (CLASS_ID, EXERCISE_ID, ROOM_ID, INSTRUCTOR_ID, START_DATETIME, DURATION) VALUES (044, 11, 02, 	232	, '2018-05-07 10:30:00', 45); -- Tai Chi
		
--Sunday		
INSERT INTO CLASS (CLASS_ID, EXERCISE_ID, ROOM_ID, INSTRUCTOR_ID, START_DATETIME, DURATION) VALUES (101, 07, 03, 	233	, '2018-05-08 09:00:00', 90); -- Boot
INSERT INTO CLASS (CLASS_ID, EXERCISE_ID, ROOM_ID, INSTRUCTOR_ID, START_DATETIME, DURATION) VALUES (102, 08, 01, 	1	, '2018-05-08 10:00:00', 60); -- Spin
INSERT INTO CLASS (CLASS_ID, EXERCISE_ID, ROOM_ID, INSTRUCTOR_ID, START_DATETIME, DURATION) VALUES (103, 11, 02, 	233	, '2018-05-08 10:30:00', 45); -- Tai Chi
--Monday		
INSERT INTO CLASS (CLASS_ID, EXERCISE_ID, ROOM_ID, INSTRUCTOR_ID, START_DATETIME, DURATION) VALUES (104, 08, 01, 	234	, '2018-05-09 05:15:00', 60); -- Spin
INSERT INTO CLASS (CLASS_ID, EXERCISE_ID, ROOM_ID, INSTRUCTOR_ID, START_DATETIME, DURATION) VALUES (105, 01, 03, 	227	, '2018-05-09 06:00:00', 60); -- Circuits
INSERT INTO CLASS (CLASS_ID, EXERCISE_ID, ROOM_ID, INSTRUCTOR_ID, START_DATETIME, DURATION) VALUES (106, 10, 02, 	228	, '2018-05-09 06:00:00', 60); -- Pilates
INSERT INTO CLASS (CLASS_ID, EXERCISE_ID, ROOM_ID, INSTRUCTOR_ID, START_DATETIME, DURATION) VALUES (107, 13, 02, 	230	, '2018-05-09 09:15:00', 45); -- Yoga
INSERT INTO CLASS (CLASS_ID, EXERCISE_ID, ROOM_ID, INSTRUCTOR_ID, START_DATETIME, DURATION) VALUES (108, 04, 03, 	222	, '2018-05-09 10:30:00', 45); -- Zumba
INSERT INTO CLASS (CLASS_ID, EXERCISE_ID, ROOM_ID, INSTRUCTOR_ID, START_DATETIME, DURATION) VALUES (109, 09, 03, 	230	, '2018-05-09 13:30:00', 120); -- Kick
INSERT INTO CLASS (CLASS_ID, EXERCISE_ID, ROOM_ID, INSTRUCTOR_ID, START_DATETIME, DURATION) VALUES (110, 08, 01, 	225	, '2018-05-09 17:30:00', 60); -- Spin
INSERT INTO CLASS (CLASS_ID, EXERCISE_ID, ROOM_ID, INSTRUCTOR_ID, START_DATETIME, DURATION) VALUES (111, 13, 02, 	230	, '2018-05-09 19:30:00', 60); -- Yoga
--Tuesday		
INSERT INTO CLASS (CLASS_ID, EXERCISE_ID, ROOM_ID, INSTRUCTOR_ID, START_DATETIME, DURATION) VALUES (112, 07, 03, 	227	, '2018-05-10 05:00:00', 90); -- Boot
INSERT INTO CLASS (CLASS_ID, EXERCISE_ID, ROOM_ID, INSTRUCTOR_ID, START_DATETIME, DURATION) VALUES (113, 04, 03, 	230	, '2018-05-10 06:30:00', 60); -- Zumba
INSERT INTO CLASS (CLASS_ID, EXERCISE_ID, ROOM_ID, INSTRUCTOR_ID, START_DATETIME, DURATION) VALUES (114, 14, 02, 	227	, '2018-05-10 09:15:00', 45); -- Hot
INSERT INTO CLASS (CLASS_ID, EXERCISE_ID, ROOM_ID, INSTRUCTOR_ID, START_DATETIME, DURATION) VALUES (115, 06, 02, 	222	, '2018-05-10 10:30:00', 45); -- Pole
INSERT INTO CLASS (CLASS_ID, EXERCISE_ID, ROOM_ID, INSTRUCTOR_ID, START_DATETIME, DURATION) VALUES (116, 09, 03, 	230	, '2018-05-10 13:30:00', 120); -- Kick
INSERT INTO CLASS (CLASS_ID, EXERCISE_ID, ROOM_ID, INSTRUCTOR_ID, START_DATETIME, DURATION) VALUES (117, 08, 01, 	226	, '2018-05-10 17:30:00', 60); -- Spin
INSERT INTO CLASS (CLASS_ID, EXERCISE_ID, ROOM_ID, INSTRUCTOR_ID, START_DATETIME, DURATION) VALUES (118, 05, 02, 	229	, '2018-05-10 19:30:00', 60); -- Belly
--Wednesday		
INSERT INTO CLASS (CLASS_ID, EXERCISE_ID, ROOM_ID, INSTRUCTOR_ID, START_DATETIME, DURATION) VALUES (119, 08, 01, 	231	, '2018-05-11 05:15:00', 60); -- Spin
INSERT INTO CLASS (CLASS_ID, EXERCISE_ID, ROOM_ID, INSTRUCTOR_ID, START_DATETIME, DURATION) VALUES (120, 02, 03, 	232	, '2018-05-11 06:00:00', 60); -- Cardio
INSERT INTO CLASS (CLASS_ID, EXERCISE_ID, ROOM_ID, INSTRUCTOR_ID, START_DATETIME, DURATION) VALUES (121, 12, 02, 	233	, '2018-05-11 06:00:00', 60); -- Step
INSERT INTO CLASS (CLASS_ID, EXERCISE_ID, ROOM_ID, INSTRUCTOR_ID, START_DATETIME, DURATION) VALUES (122, 11, 02, 	230	, '2018-05-11 09:15:00', 45); -- Tai Chi
INSERT INTO CLASS (CLASS_ID, EXERCISE_ID, ROOM_ID, INSTRUCTOR_ID, START_DATETIME, DURATION) VALUES (123, 04, 03, 	223	, '2018-05-11 10:30:00', 45); -- Zumba
INSERT INTO CLASS (CLASS_ID, EXERCISE_ID, ROOM_ID, INSTRUCTOR_ID, START_DATETIME, DURATION) VALUES (124, 09, 03, 	232	, '2018-05-11 13:30:00', 120); -- Kick
INSERT INTO CLASS (CLASS_ID, EXERCISE_ID, ROOM_ID, INSTRUCTOR_ID, START_DATETIME, DURATION) VALUES (125, 08, 01, 	223	, '2018-05-11 17:30:00', 60); -- Spin
INSERT INTO CLASS (CLASS_ID, EXERCISE_ID, ROOM_ID, INSTRUCTOR_ID, START_DATETIME, DURATION) VALUES (126, 13, 02, 	228	, '2018-05-11 19:30:00', 60); -- Yoga
--Thursday		
INSERT INTO CLASS (CLASS_ID, EXERCISE_ID, ROOM_ID, INSTRUCTOR_ID, START_DATETIME, DURATION) VALUES (127, 07, 03, 	1	, '2018-05-12 05:00:00', 90); -- Boot
INSERT INTO CLASS (CLASS_ID, EXERCISE_ID, ROOM_ID, INSTRUCTOR_ID, START_DATETIME, DURATION) VALUES (128, 04, 03, 	234	, '2018-05-12 06:30:00', 60); -- Zumba
INSERT INTO CLASS (CLASS_ID, EXERCISE_ID, ROOM_ID, INSTRUCTOR_ID, START_DATETIME, DURATION) VALUES (129, 14, 02, 	223	, '2018-05-12 09:15:00', 45); -- Hot
INSERT INTO CLASS (CLASS_ID, EXERCISE_ID, ROOM_ID, INSTRUCTOR_ID, START_DATETIME, DURATION) VALUES (130, 06, 02, 	232	, '2018-05-12 10:30:00', 45); -- Pole
INSERT INTO CLASS (CLASS_ID, EXERCISE_ID, ROOM_ID, INSTRUCTOR_ID, START_DATETIME, DURATION) VALUES (131, 09, 03, 	232	, '2018-05-12 13:30:00', 120); -- Kick
INSERT INTO CLASS (CLASS_ID, EXERCISE_ID, ROOM_ID, INSTRUCTOR_ID, START_DATETIME, DURATION) VALUES (132, 08, 01, 	221	, '2018-05-12 17:30:00', 60); -- Spin
INSERT INTO CLASS (CLASS_ID, EXERCISE_ID, ROOM_ID, INSTRUCTOR_ID, START_DATETIME, DURATION) VALUES (133, 05, 02, 	227	, '2018-05-12 19:30:00', 60); -- Belly
--Friday		
INSERT INTO CLASS (CLASS_ID, EXERCISE_ID, ROOM_ID, INSTRUCTOR_ID, START_DATETIME, DURATION) VALUES (134, 08, 01, 	222	, '2018-05-13 05:15:00', 60); -- Spin
INSERT INTO CLASS (CLASS_ID, EXERCISE_ID, ROOM_ID, INSTRUCTOR_ID, START_DATETIME, DURATION) VALUES (135, 03, 03, 	230	, '2018-05-13 06:00:00', 60); -- Core
INSERT INTO CLASS (CLASS_ID, EXERCISE_ID, ROOM_ID, INSTRUCTOR_ID, START_DATETIME, DURATION) VALUES (136, 10, 02, 	221	, '2018-05-13 06:00:00', 60); -- Pilates
INSERT INTO CLASS (CLASS_ID, EXERCISE_ID, ROOM_ID, INSTRUCTOR_ID, START_DATETIME, DURATION) VALUES (137, 13, 02, 	222	, '2018-05-13 09:15:00', 45); -- Yoga
INSERT INTO CLASS (CLASS_ID, EXERCISE_ID, ROOM_ID, INSTRUCTOR_ID, START_DATETIME, DURATION) VALUES (138, 04, 03, 	227	, '2018-05-13 10:30:00', 45); -- Zumba
INSERT INTO CLASS (CLASS_ID, EXERCISE_ID, ROOM_ID, INSTRUCTOR_ID, START_DATETIME, DURATION) VALUES (139, 09, 03, 	226	, '2018-05-13 13:30:00', 120); -- Kick
INSERT INTO CLASS (CLASS_ID, EXERCISE_ID, ROOM_ID, INSTRUCTOR_ID, START_DATETIME, DURATION) VALUES (140, 08, 01, 	230	, '2018-05-13 17:30:00', 60); -- Spin
INSERT INTO CLASS (CLASS_ID, EXERCISE_ID, ROOM_ID, INSTRUCTOR_ID, START_DATETIME, DURATION) VALUES (141, 13, 02, 	226	, '2018-05-13 19:30:00', 60); -- Yoga
-- Saturday		
INSERT INTO CLASS (CLASS_ID, EXERCISE_ID, ROOM_ID, INSTRUCTOR_ID, START_DATETIME, DURATION) VALUES (142, 07, 03, 	231	, '2018-05-14 08:00:00', 90); -- Boot
INSERT INTO CLASS (CLASS_ID, EXERCISE_ID, ROOM_ID, INSTRUCTOR_ID, START_DATETIME, DURATION) VALUES (143, 08, 01, 	230	, '2018-05-14 10:00:00', 60); -- Spin
INSERT INTO CLASS (CLASS_ID, EXERCISE_ID, ROOM_ID, INSTRUCTOR_ID, START_DATETIME, DURATION) VALUES (144, 11, 02, 	223	, '2018-05-14 10:30:00', 45); -- Tai Chi
		
--Sunday		
INSERT INTO CLASS (CLASS_ID, EXERCISE_ID, ROOM_ID, INSTRUCTOR_ID, START_DATETIME, DURATION) VALUES (201, 07, 03, 	231	, '2018-05-15 09:00:00', 90); -- Boot
INSERT INTO CLASS (CLASS_ID, EXERCISE_ID, ROOM_ID, INSTRUCTOR_ID, START_DATETIME, DURATION) VALUES (202, 08, 01, 	223	, '2018-05-15 10:00:00', 60); -- Spin
INSERT INTO CLASS (CLASS_ID, EXERCISE_ID, ROOM_ID, INSTRUCTOR_ID, START_DATETIME, DURATION) VALUES (203, 11, 02, 	227	, '2018-05-15 10:30:00', 45); -- Tai Chi
--Monday		
INSERT INTO CLASS (CLASS_ID, EXERCISE_ID, ROOM_ID, INSTRUCTOR_ID, START_DATETIME, DURATION) VALUES (204, 08, 01, 	231	, '2018-05-16 05:15:00', 60); -- Spin
INSERT INTO CLASS (CLASS_ID, EXERCISE_ID, ROOM_ID, INSTRUCTOR_ID, START_DATETIME, DURATION) VALUES (205, 01, 03, 	229	, '2018-05-16 06:00:00', 60); -- Circuits
INSERT INTO CLASS (CLASS_ID, EXERCISE_ID, ROOM_ID, INSTRUCTOR_ID, START_DATETIME, DURATION) VALUES (206, 10, 02, 	1	, '2018-05-16 06:00:00', 60); -- Pilates
INSERT INTO CLASS (CLASS_ID, EXERCISE_ID, ROOM_ID, INSTRUCTOR_ID, START_DATETIME, DURATION) VALUES (207, 13, 02, 	226	, '2018-05-16 09:15:00', 45); -- Yoga
INSERT INTO CLASS (CLASS_ID, EXERCISE_ID, ROOM_ID, INSTRUCTOR_ID, START_DATETIME, DURATION) VALUES (208, 04, 03, 	232	, '2018-05-16 10:30:00', 45); -- Zumba
INSERT INTO CLASS (CLASS_ID, EXERCISE_ID, ROOM_ID, INSTRUCTOR_ID, START_DATETIME, DURATION) VALUES (209, 09, 03, 	226	, '2018-05-16 13:30:00', 120); -- Kick
INSERT INTO CLASS (CLASS_ID, EXERCISE_ID, ROOM_ID, INSTRUCTOR_ID, START_DATETIME, DURATION) VALUES (210, 08, 01, 	228	, '2018-05-16 17:30:00', 60); -- Spin
INSERT INTO CLASS (CLASS_ID, EXERCISE_ID, ROOM_ID, INSTRUCTOR_ID, START_DATETIME, DURATION) VALUES (211, 13, 02, 	232	, '2018-05-16 19:30:00', 60); -- Yoga
--Tuesday		
INSERT INTO CLASS (CLASS_ID, EXERCISE_ID, ROOM_ID, INSTRUCTOR_ID, START_DATETIME, DURATION) VALUES (212, 07, 03, 	229	, '2018-05-17 05:00:00', 90); -- Boot
INSERT INTO CLASS (CLASS_ID, EXERCISE_ID, ROOM_ID, INSTRUCTOR_ID, START_DATETIME, DURATION) VALUES (213, 04, 03, 	230	, '2018-05-17 06:30:00', 60); -- Zumba
INSERT INTO CLASS (CLASS_ID, EXERCISE_ID, ROOM_ID, INSTRUCTOR_ID, START_DATETIME, DURATION) VALUES (214, 14, 02, 	225	, '2018-05-17 09:15:00', 45); -- Hot
INSERT INTO CLASS (CLASS_ID, EXERCISE_ID, ROOM_ID, INSTRUCTOR_ID, START_DATETIME, DURATION) VALUES (215, 06, 02, 	221	, '2018-05-17 10:30:00', 45); -- Pole
INSERT INTO CLASS (CLASS_ID, EXERCISE_ID, ROOM_ID, INSTRUCTOR_ID, START_DATETIME, DURATION) VALUES (216, 09, 03, 	234	, '2018-05-17 13:30:00', 120); -- Kick
INSERT INTO CLASS (CLASS_ID, EXERCISE_ID, ROOM_ID, INSTRUCTOR_ID, START_DATETIME, DURATION) VALUES (217, 08, 01, 	222	, '2018-05-17 17:30:00', 60); -- Spin
INSERT INTO CLASS (CLASS_ID, EXERCISE_ID, ROOM_ID, INSTRUCTOR_ID, START_DATETIME, DURATION) VALUES (218, 05, 02, 	232	, '2018-05-17 19:30:00', 60); -- Belly
--Wednesday		
INSERT INTO CLASS (CLASS_ID, EXERCISE_ID, ROOM_ID, INSTRUCTOR_ID, START_DATETIME, DURATION) VALUES (219, 08, 01, 	229	, '2018-05-18 05:15:00', 60); -- Spin
INSERT INTO CLASS (CLASS_ID, EXERCISE_ID, ROOM_ID, INSTRUCTOR_ID, START_DATETIME, DURATION) VALUES (220, 02, 03, 	221	, '2018-05-18 06:00:00', 60); -- Cardio
INSERT INTO CLASS (CLASS_ID, EXERCISE_ID, ROOM_ID, INSTRUCTOR_ID, START_DATETIME, DURATION) VALUES (221, 12, 02, 	223	, '2018-05-18 06:00:00', 60); -- Step
INSERT INTO CLASS (CLASS_ID, EXERCISE_ID, ROOM_ID, INSTRUCTOR_ID, START_DATETIME, DURATION) VALUES (222, 11, 02, 	228	, '2018-05-18 09:15:00', 45); -- Tai Chi
INSERT INTO CLASS (CLASS_ID, EXERCISE_ID, ROOM_ID, INSTRUCTOR_ID, START_DATETIME, DURATION) VALUES (223, 04, 03, 	231	, '2018-05-18 10:30:00', 45); -- Zumba
INSERT INTO CLASS (CLASS_ID, EXERCISE_ID, ROOM_ID, INSTRUCTOR_ID, START_DATETIME, DURATION) VALUES (224, 09, 03, 	228	, '2018-05-18 13:30:00', 120); -- Kick
INSERT INTO CLASS (CLASS_ID, EXERCISE_ID, ROOM_ID, INSTRUCTOR_ID, START_DATETIME, DURATION) VALUES (225, 08, 01, 	232	, '2018-05-18 17:30:00', 60); -- Spin
INSERT INTO CLASS (CLASS_ID, EXERCISE_ID, ROOM_ID, INSTRUCTOR_ID, START_DATETIME, DURATION) VALUES (226, 13, 02, 	227	, '2018-05-18 19:30:00', 60); -- Yoga
--Thursday		
INSERT INTO CLASS (CLASS_ID, EXERCISE_ID, ROOM_ID, INSTRUCTOR_ID, START_DATETIME, DURATION) VALUES (227, 07, 03, 	230	, '2018-05-19 05:00:00', 90); -- Boot
INSERT INTO CLASS (CLASS_ID, EXERCISE_ID, ROOM_ID, INSTRUCTOR_ID, START_DATETIME, DURATION) VALUES (228, 04, 03, 	234	, '2018-05-19 06:30:00', 60); -- Zumba
INSERT INTO CLASS (CLASS_ID, EXERCISE_ID, ROOM_ID, INSTRUCTOR_ID, START_DATETIME, DURATION) VALUES (229, 14, 02, 	1	, '2018-05-19 09:15:00', 45); -- Hot
INSERT INTO CLASS (CLASS_ID, EXERCISE_ID, ROOM_ID, INSTRUCTOR_ID, START_DATETIME, DURATION) VALUES (230, 06, 02, 	1	, '2018-05-19 10:30:00', 45); -- Pole
INSERT INTO CLASS (CLASS_ID, EXERCISE_ID, ROOM_ID, INSTRUCTOR_ID, START_DATETIME, DURATION) VALUES (231, 09, 03, 	225	, '2018-05-19 13:30:00', 120); -- Kick
INSERT INTO CLASS (CLASS_ID, EXERCISE_ID, ROOM_ID, INSTRUCTOR_ID, START_DATETIME, DURATION) VALUES (232, 08, 01, 	223	, '2018-05-19 17:30:00', 60); -- Spin
INSERT INTO CLASS (CLASS_ID, EXERCISE_ID, ROOM_ID, INSTRUCTOR_ID, START_DATETIME, DURATION) VALUES (233, 05, 02, 	231	, '2018-05-19 19:30:00', 60); -- Belly
--Friday		
INSERT INTO CLASS (CLASS_ID, EXERCISE_ID, ROOM_ID, INSTRUCTOR_ID, START_DATETIME, DURATION) VALUES (234, 08, 01, 	228	, '2018-05-20 05:15:00', 60); -- Spin
INSERT INTO CLASS (CLASS_ID, EXERCISE_ID, ROOM_ID, INSTRUCTOR_ID, START_DATETIME, DURATION) VALUES (235, 03, 03, 	222	, '2018-05-20 06:00:00', 60); -- Core
--JPM
INSERT INTO CLASS (CLASS_ID, EXERCISE_ID, ROOM_ID, INSTRUCTOR_ID, START_DATETIME, DURATION) VALUES (236, 10, 02, 	1	, '2018-05-20 06:00:00', 60); -- Pilates
INSERT INTO CLASS (CLASS_ID, EXERCISE_ID, ROOM_ID, INSTRUCTOR_ID, START_DATETIME, DURATION) VALUES (237, 13, 02, 	222	, '2018-05-20 09:15:00', 45); -- Yoga
INSERT INTO CLASS (CLASS_ID, EXERCISE_ID, ROOM_ID, INSTRUCTOR_ID, START_DATETIME, DURATION) VALUES (238, 04, 03, 	231	, '2018-05-20 10:30:00', 45); -- Zumba
INSERT INTO CLASS (CLASS_ID, EXERCISE_ID, ROOM_ID, INSTRUCTOR_ID, START_DATETIME, DURATION) VALUES (239, 09, 03, 	225	, '2018-05-20 13:30:00', 120); -- Kick
INSERT INTO CLASS (CLASS_ID, EXERCISE_ID, ROOM_ID, INSTRUCTOR_ID, START_DATETIME, DURATION) VALUES (240, 08, 01, 	231	, '2018-05-20 17:30:00', 60); -- Spin
INSERT INTO CLASS (CLASS_ID, EXERCISE_ID, ROOM_ID, INSTRUCTOR_ID, START_DATETIME, DURATION) VALUES (241, 13, 02, 	227	, '2018-05-20 19:30:00', 60); -- Yoga
-- Saturday		
INSERT INTO CLASS (CLASS_ID, EXERCISE_ID, ROOM_ID, INSTRUCTOR_ID, START_DATETIME, DURATION) VALUES (242, 07, 03, 	234	, '2018-05-21 08:00:00', 90); -- Boot
INSERT INTO CLASS (CLASS_ID, EXERCISE_ID, ROOM_ID, INSTRUCTOR_ID, START_DATETIME, DURATION) VALUES (243, 08, 01, 	223	, '2018-05-21 10:00:00', 60); -- Spin
INSERT INTO CLASS (CLASS_ID, EXERCISE_ID, ROOM_ID, INSTRUCTOR_ID, START_DATETIME, DURATION) VALUES (244, 11, 02, 	229	, '2018-05-21 10:30:00', 45); -- Tai Chi
		
--Sunday		
INSERT INTO CLASS (CLASS_ID, EXERCISE_ID, ROOM_ID, INSTRUCTOR_ID, START_DATETIME, DURATION) VALUES (301, 07, 03, 	228	, '2018-05-22 09:00:00', 90); -- Boot
INSERT INTO CLASS (CLASS_ID, EXERCISE_ID, ROOM_ID, INSTRUCTOR_ID, START_DATETIME, DURATION) VALUES (302, 08, 01, 	233	, '2018-05-22 10:00:00', 60); -- Spin
INSERT INTO CLASS (CLASS_ID, EXERCISE_ID, ROOM_ID, INSTRUCTOR_ID, START_DATETIME, DURATION) VALUES (303, 11, 02, 	229	, '2018-05-22 10:30:00', 45); -- Tai Chi
--Monday		
INSERT INTO CLASS (CLASS_ID, EXERCISE_ID, ROOM_ID, INSTRUCTOR_ID, START_DATETIME, DURATION) VALUES (304, 08, 01, 	222	, '2018-05-23 05:15:00', 60); -- Spin
INSERT INTO CLASS (CLASS_ID, EXERCISE_ID, ROOM_ID, INSTRUCTOR_ID, START_DATETIME, DURATION) VALUES (305, 01, 03, 	227	, '2018-05-23 06:00:00', 60); -- Circuits
INSERT INTO CLASS (CLASS_ID, EXERCISE_ID, ROOM_ID, INSTRUCTOR_ID, START_DATETIME, DURATION) VALUES (306, 10, 02, 	228	, '2018-05-23 06:00:00', 60); -- Pilates
INSERT INTO CLASS (CLASS_ID, EXERCISE_ID, ROOM_ID, INSTRUCTOR_ID, START_DATETIME, DURATION) VALUES (307, 13, 02, 	228	, '2018-05-23 09:15:00', 45); -- Yoga
INSERT INTO CLASS (CLASS_ID, EXERCISE_ID, ROOM_ID, INSTRUCTOR_ID, START_DATETIME, DURATION) VALUES (308, 04, 03, 	232	, '2018-05-23 10:30:00', 45); -- Zumba
INSERT INTO CLASS (CLASS_ID, EXERCISE_ID, ROOM_ID, INSTRUCTOR_ID, START_DATETIME, DURATION) VALUES (309, 09, 03, 	227	, '2018-05-23 13:30:00', 120); -- Kick
INSERT INTO CLASS (CLASS_ID, EXERCISE_ID, ROOM_ID, INSTRUCTOR_ID, START_DATETIME, DURATION) VALUES (310, 08, 01, 	1	, '2018-05-23 17:30:00', 60); -- Spin
INSERT INTO CLASS (CLASS_ID, EXERCISE_ID, ROOM_ID, INSTRUCTOR_ID, START_DATETIME, DURATION) VALUES (311, 13, 02, 	234	, '2018-05-23 19:30:00', 60); -- Yoga
--Tuesday		
INSERT INTO CLASS (CLASS_ID, EXERCISE_ID, ROOM_ID, INSTRUCTOR_ID, START_DATETIME, DURATION) VALUES (312, 07, 03, 	233	, '2018-05-24 05:00:00', 90); -- Boot
INSERT INTO CLASS (CLASS_ID, EXERCISE_ID, ROOM_ID, INSTRUCTOR_ID, START_DATETIME, DURATION) VALUES (313, 04, 03, 	231	, '2018-05-24 06:30:00', 60); -- Zumba
INSERT INTO CLASS (CLASS_ID, EXERCISE_ID, ROOM_ID, INSTRUCTOR_ID, START_DATETIME, DURATION) VALUES (314, 14, 02, 	226	, '2018-05-24 09:15:00', 45); -- Hot
INSERT INTO CLASS (CLASS_ID, EXERCISE_ID, ROOM_ID, INSTRUCTOR_ID, START_DATETIME, DURATION) VALUES (315, 06, 02, 	231	, '2018-05-24 10:30:00', 45); -- Pole
INSERT INTO CLASS (CLASS_ID, EXERCISE_ID, ROOM_ID, INSTRUCTOR_ID, START_DATETIME, DURATION) VALUES (316, 09, 03, 	233	, '2018-05-24 13:30:00', 120); -- Kick
INSERT INTO CLASS (CLASS_ID, EXERCISE_ID, ROOM_ID, INSTRUCTOR_ID, START_DATETIME, DURATION) VALUES (317, 08, 01, 	221	, '2018-05-24 17:30:00', 60); -- Spin
INSERT INTO CLASS (CLASS_ID, EXERCISE_ID, ROOM_ID, INSTRUCTOR_ID, START_DATETIME, DURATION) VALUES (318, 05, 02, 	229	, '2018-05-24 19:30:00', 60); -- Belly
--Wednesday		
INSERT INTO CLASS (CLASS_ID, EXERCISE_ID, ROOM_ID, INSTRUCTOR_ID, START_DATETIME, DURATION) VALUES (319, 08, 01, 	233	, '2018-05-25 05:15:00', 60); -- Spin
INSERT INTO CLASS (CLASS_ID, EXERCISE_ID, ROOM_ID, INSTRUCTOR_ID, START_DATETIME, DURATION) VALUES (320, 02, 03, 	223	, '2018-05-25 06:00:00', 60); -- Cardio
INSERT INTO CLASS (CLASS_ID, EXERCISE_ID, ROOM_ID, INSTRUCTOR_ID, START_DATETIME, DURATION) VALUES (321, 12, 02, 	221	, '2018-05-25 06:00:00', 60); -- Step
INSERT INTO CLASS (CLASS_ID, EXERCISE_ID, ROOM_ID, INSTRUCTOR_ID, START_DATETIME, DURATION) VALUES (322, 11, 02, 	226	, '2018-05-25 09:15:00', 45); -- Tai Chi
INSERT INTO CLASS (CLASS_ID, EXERCISE_ID, ROOM_ID, INSTRUCTOR_ID, START_DATETIME, DURATION) VALUES (323, 04, 03, 	222	, '2018-05-25 10:30:00', 45); -- Zumba
INSERT INTO CLASS (CLASS_ID, EXERCISE_ID, ROOM_ID, INSTRUCTOR_ID, START_DATETIME, DURATION) VALUES (324, 09, 03, 	221	, '2018-05-25 13:30:00', 120); -- Kick
INSERT INTO CLASS (CLASS_ID, EXERCISE_ID, ROOM_ID, INSTRUCTOR_ID, START_DATETIME, DURATION) VALUES (325, 08, 01, 	232	, '2018-05-25 17:30:00', 60); -- Spin
INSERT INTO CLASS (CLASS_ID, EXERCISE_ID, ROOM_ID, INSTRUCTOR_ID, START_DATETIME, DURATION) VALUES (326, 13, 02, 	1	, '2018-05-25 19:30:00', 60); -- Yoga
--Thursday		
INSERT INTO CLASS (CLASS_ID, EXERCISE_ID, ROOM_ID, INSTRUCTOR_ID, START_DATETIME, DURATION) VALUES (327, 07, 03, 	221	, '2018-05-26 05:00:00', 90); -- Boot
INSERT INTO CLASS (CLASS_ID, EXERCISE_ID, ROOM_ID, INSTRUCTOR_ID, START_DATETIME, DURATION) VALUES (328, 04, 03, 	226	, '2018-05-26 06:30:00', 60); -- Zumba
INSERT INTO CLASS (CLASS_ID, EXERCISE_ID, ROOM_ID, INSTRUCTOR_ID, START_DATETIME, DURATION) VALUES (329, 14, 02, 	223	, '2018-05-26 09:15:00', 45); -- Hot
INSERT INTO CLASS (CLASS_ID, EXERCISE_ID, ROOM_ID, INSTRUCTOR_ID, START_DATETIME, DURATION) VALUES (330, 06, 02, 	230	, '2018-05-26 10:30:00', 45); -- Pole
INSERT INTO CLASS (CLASS_ID, EXERCISE_ID, ROOM_ID, INSTRUCTOR_ID, START_DATETIME, DURATION) VALUES (331, 09, 03, 	223	, '2018-05-26 13:30:00', 120); -- Kick
INSERT INTO CLASS (CLASS_ID, EXERCISE_ID, ROOM_ID, INSTRUCTOR_ID, START_DATETIME, DURATION) VALUES (332, 08, 01, 	234	, '2018-05-26 17:30:00', 60); -- Spin
INSERT INTO CLASS (CLASS_ID, EXERCISE_ID, ROOM_ID, INSTRUCTOR_ID, START_DATETIME, DURATION) VALUES (333, 05, 02, 	231	, '2018-05-26 19:30:00', 60); -- Belly
--Friday		
INSERT INTO CLASS (CLASS_ID, EXERCISE_ID, ROOM_ID, INSTRUCTOR_ID, START_DATETIME, DURATION) VALUES (334, 08, 01, 	228	, '2018-05-27 05:15:00', 60); -- Spin
INSERT INTO CLASS (CLASS_ID, EXERCISE_ID, ROOM_ID, INSTRUCTOR_ID, START_DATETIME, DURATION) VALUES (335, 03, 03, 	226	, '2018-05-27 06:00:00', 60); -- Core
INSERT INTO CLASS (CLASS_ID, EXERCISE_ID, ROOM_ID, INSTRUCTOR_ID, START_DATETIME, DURATION) VALUES (336, 10, 02, 	233	, '2018-05-27 06:00:00', 60); -- Pilates
INSERT INTO CLASS (CLASS_ID, EXERCISE_ID, ROOM_ID, INSTRUCTOR_ID, START_DATETIME, DURATION) VALUES (337, 13, 02, 	221	, '2018-05-27 09:15:00', 45); -- Yoga
INSERT INTO CLASS (CLASS_ID, EXERCISE_ID, ROOM_ID, INSTRUCTOR_ID, START_DATETIME, DURATION) VALUES (338, 04, 03, 	225	, '2018-05-27 10:30:00', 45); -- Zumba
INSERT INTO CLASS (CLASS_ID, EXERCISE_ID, ROOM_ID, INSTRUCTOR_ID, START_DATETIME, DURATION) VALUES (339, 09, 03, 	227	, '2018-05-27 13:30:00', 120); -- Kick
INSERT INTO CLASS (CLASS_ID, EXERCISE_ID, ROOM_ID, INSTRUCTOR_ID, START_DATETIME, DURATION) VALUES (340, 08, 01, 	232	, '2018-05-27 17:30:00', 60); -- Spin
INSERT INTO CLASS (CLASS_ID, EXERCISE_ID, ROOM_ID, INSTRUCTOR_ID, START_DATETIME, DURATION) VALUES (341, 13, 02, 	226	, '2018-05-27 19:30:00', 60); -- Yoga
-- Saturday		
INSERT INTO CLASS (CLASS_ID, EXERCISE_ID, ROOM_ID, INSTRUCTOR_ID, START_DATETIME, DURATION) VALUES (342, 07, 03, 	1	, '2018-05-28 08:00:00', 90); -- Boot
INSERT INTO CLASS (CLASS_ID, EXERCISE_ID, ROOM_ID, INSTRUCTOR_ID, START_DATETIME, DURATION) VALUES (343, 08, 01, 	228	, '2018-05-28 10:00:00', 60); -- Spin
INSERT INTO CLASS (CLASS_ID, EXERCISE_ID, ROOM_ID, INSTRUCTOR_ID, START_DATETIME, DURATION) VALUES (344, 11, 02, 	233	, '2018-05-28 10:30:00', 45); -- Tai Chi

^^^
